Word,Level
a,Beginner
about,Beginner
above,Beginner
across,Beginner
act,Beginner
action,Beginner
activity,Beginner
actor,Beginner
actress,Beginner
actually,Beginner
add,Beginner
address,Beginner
adult,Beginner
advance,Beginner
advantage,Beginner
adventure,Beginner
advertise,Beginner
advice,Beginner
afford,Beginner
afraid,Beginner
after,Beginner
afternoon,Beginner
again,Beginner
against,Beginner
age,Beginner
ago,Beginner
agree,Beginner
air,Beginner
airport,Beginner
all,Beginner
allow,Beginner
almost,Beginner
alone,Beginner
along,Beginner
already,Beginner
also,Beginner
always,Beginner
amazing,Beginner
and,Beginner
angry,Beginner
animal,Beginner
another,Beginner
answer,Beginner
any,Beginner
anyone,Beginner
anything,Beginner
apartment,Beginner
apple,Beginner
April,Beginner
area,Beginner
arm,Beginner
around,Beginner
arrive,Beginner
art,Beginner
article,Beginner
artist,Beginner
as,Beginner
ask,Beginner
at,Beginner
August,Beginner
aunt,Beginner
autumn,Beginner
away,Beginner
baby,Beginner
back,Beginner
bad,Beginner
bag,Beginner
ball,Beginner
banana,Beginner
band,Beginner
bank,Beginner
be,Beginner
beautiful,Beginner
because,Beginner
become,Beginner
bed,Beginner
bedroom,Beginner
before,Beginner
begin,Beginner
behind,Beginner
believe,Beginner
below,Beginner
best,Beginner
better,Beginner
between,Beginner
bicycle,Beginner
big,Beginner
bike,Beginner
bill,Beginner
bird,Beginner
birthday,Beginner
black,Beginner
blog,Beginner
blonde,Beginner
blue,Beginner
board,Beginner
boat,Beginner
body,Beginner
book,Beginner
boot,Beginner
bored,Beginner
boring,Beginner
born,Beginner
both,Beginner
bottle,Beginner
box,Beginner
boy,Beginner
boyfriend,Beginner
bread,Beginner
break,Beginner
breakfast,Beginner
bring,Beginner
brother,Beginner
brown,Beginner
build,Beginner
building,Beginner
bus,Beginner
business,Beginner
busy,Beginner
but,Beginner
butter,Beginner
buy,Beginner
by,Beginner
bye,Beginner
cafe,Beginner
cake,Beginner
call,Beginner
camera,Beginner
camp,Beginner
can,Beginner
cannot,Beginner
cap,Beginner
capital,Beginner
car,Beginner
card,Beginner
career,Beginner
carrot,Beginner
carry,Beginner
case,Beginner
cat,Beginner
catch,Beginner
CD,Beginner
cent,Beginner
centre,Beginner
century,Beginner
chair,Beginner
change,Beginner
chart,Beginner
cheap,Beginner
check,Beginner
cheese,Beginner
chicken,Beginner
child,Beginner
chocolate,Beginner
choose,Beginner
cinema,Beginner
city,Beginner
class,Beginner
classroom,Beginner
clean,Beginner
climb,Beginner
clock,Beginner
close,Beginner
clothes,Beginner
club,Beginner
coat,Beginner
coffee,Beginner
cold,Beginner
college,Beginner
colour,Beginner
come,Beginner
common,Beginner
company,Beginner
compare,Beginner
complete,Beginner
computer,Beginner
concert,Beginner
conversation,Beginner
cook,Beginner
cooking,Beginner
cool,Beginner
correct,Beginner
cost,Beginner
different,Beginner
difficult,Beginner
dinner,Beginner
dirty,Beginner
discuss,Beginner
dish,Beginner
do,Beginner
doctor,Beginner
dog,Beginner
dollar,Beginner
door,Beginner
down,Beginner
downstairs,Beginner
draw,Beginner
dress,Beginner
drink,Beginner
drive,Beginner
driver,Beginner
during,Beginner
DVD,Beginner
each,Beginner
ear,Beginner
early,Beginner
east,Beginner
easy,Beginner
eat,Beginner
egg,Beginner
eight,Beginner
eighteen,Beginner
eighty,Beginner
either,Beginner
elephant,Beginner
eleven,Beginner
else,Beginner
email,Beginner
end,Beginner
enjoy,Beginner
enough,Beginner
evening,Beginner
ever,Beginner
every,Beginner
everybody,Beginner
everyone,Beginner
everything,Beginner
example,Beginner
excited,Beginner
exciting,Beginner
exercise,Beginner
expensive,Beginner
explain,Beginner
extra,Beginner
eye,Beginner
face,Beginner
fact,Beginner
fall,Beginner
family,Beginner
famous,Beginner
far,Beginner
farm,Beginner
fast,Beginner
father,Beginner
favourite,Beginner
February,Beginner
feel,Beginner
few,Beginner
fifteen,Beginner
fifty,Beginner
fight,Beginner
fill,Beginner
film,Beginner
find,Beginner
fine,Beginner
finger,Beginner
finish,Beginner
fire,Beginner
first,Beginner
fish,Beginner
five,Beginner
flat,Beginner
floor,Beginner
flower,Beginner
fly,Beginner
follow,Beginner
food,Beginner
foot,Beginner
for,Beginner
forget,Beginner
form,Beginner
forty,Beginner
four,Beginner
fourteen,Beginner
Friday,Beginner
friend,Beginner
friendly,Beginner
from,Beginner
front,Beginner
fruit,Beginner
full,Beginner
fun,Beginner
funny,Beginner
future,Beginner
game,Beginner
garden,Beginner
get,Beginner
girl,Beginner
girlfriend,Beginner
give,Beginner
glass,Beginner
go,Beginner
good,Beginner
goodbye,Beginner
grandfather,Beginner
grandmother,Beginner
grandparent,Beginner
great,Beginner
green,Beginner
grey,Beginner
group,Beginner
grow,Beginner
guess,Beginner
guitar,Beginner
gym,Beginner
hair,Beginner
half,Beginner
hand,Beginner
happen,Beginner
happy,Beginner
hard,Beginner
hat,Beginner
hate,Beginner
have,Beginner
have to,Beginner
he,Beginner
head,Beginner
health,Beginner
healthy,Beginner
hear,Beginner
hello,Beginner
help,Beginner
her,Beginner
here,Beginner
hey,Beginner
hi,Beginner
high,Beginner
him,Beginner
his,Beginner
history,Beginner
hobby,Beginner
holiday,Beginner
home,Beginner
homework,Beginner
hope,Beginner
horse,Beginner
hospital,Beginner
hot,Beginner
hotel,Beginner
hour,Beginner
house,Beginner
how,Beginner
however,Beginner
hundred,Beginner
hungry,Beginner
husband,Beginner
I,Beginner
ice,Beginner
ice cream,Beginner
idea,Beginner
if,Beginner
important,Beginner
in,Beginner
include,Beginner
information,Beginner
interest,Beginner
interested,Beginner
interesting,Beginner
into,Beginner
invite,Beginner
is,Beginner
it,Beginner
its,Beginner
January,Beginner
job,Beginner
join,Beginner
journey,Beginner
juice,Beginner
July,Beginner
jump,Beginner
June,Beginner
just,Beginner
key,Beginner
kill,Beginner
kind,Beginner
kitchen,Beginner
know,Beginner
land,Beginner
language,Beginner
large,Beginner
last,Beginner
late,Beginner
later,Beginner
laugh,Beginner
learn,Beginner
leave,Beginner
left,Beginner
leg,Beginner
lesson,Beginner
let,Beginner
letter,Beginner
library,Beginner
lie,Beginner
life,Beginner
light,Beginner
like,Beginner
line,Beginner
lion,Beginner
list,Beginner
listen,Beginner
little,Beginner
live,Beginner
local,Beginner
long,Beginner
look,Beginner
lose,Beginner
lot,Beginner
love,Beginner
low,Beginner
lunch,Beginner
machine,Beginner
magazine,Beginner
main,Beginner
make,Beginner
man,Beginner
many,Beginner
map,Beginner
March,Beginner
market,Beginner
married,Beginner
match,Beginner
May,Beginner
maybe,Beginner
me,Beginner
meal,Beginner
mean,Beginner
meat,Beginner
meet,Beginner
meeting,Beginner
member,Beginner
menu,Beginner
message,Beginner
metre,Beginner
midnight,Beginner
mile,Beginner
milk,Beginner
minute,Beginner
miss,Beginner
mistake,Beginner
Monday,Beginner
money,Beginner
month,Beginner
more,Beginner
morning,Beginner
most,Beginner
mother,Beginner
mountain,Beginner
mouse,Beginner
mouth,Beginner
move,Beginner
movie,Beginner
much,Beginner
museum,Beginner
music,Beginner
must,Beginner
my,Beginner
name,Beginner
near,Beginner
need,Beginner
negative,Beginner
neighbour,Beginner
never,Beginner
new,Beginner
newspaper,Beginner
next,Beginner
nice,Beginner
night,Beginner
nine,Beginner
nineteen,Beginner
ninety,Beginner
no,Beginner
nobody,Beginner
noon,Beginner
north,Beginner
nose,Beginner
not,Beginner
note,Beginner
nothing,Beginner
November,Beginner
now,Beginner
number,Beginner
o'clock,Beginner
October,Beginner
of,Beginner
off,Beginner
often,Beginner
oh,Beginner
old,Beginner
on,Beginner
once,Beginner
one,Beginner
only,Beginner
open,Beginner
or,Beginner
orange,Beginner
other,Beginner
our,Beginner
out,Beginner
outside,Beginner
over,Beginner
page,Beginner
paper,Beginner
parent,Beginner
park,Beginner
part,Beginner
partner,Beginner
party,Beginner
pass,Beginner
passport,Beginner
past,Beginner
pay,Beginner
pen,Beginner
pencil,Beginner
people,Beginner
perhaps,Beginner
person,Beginner
phone,Beginner
photo,Beginner
picture,Beginner
piece,Beginner
place,Beginner
plan,Beginner
plane,Beginner
plant,Beginner
play,Beginner
please,Beginner
pocket,Beginner
point,Beginner
police,Beginner
poor,Beginner
popular,Beginner
possible,Beginner
post,Beginner
potato,Beginner
pound,Beginner
practice,Beginner
prefer,Beginner
prepare,Beginner
present,Beginner
pretty,Beginner
problem,Beginner
product,Beginner
programme,Beginner
project,Beginner
pull,Beginner
purple,Beginner
put,Beginner
quarter,Beginner
question,Beginner
quick,Beginner
quiet,Beginner
quite,Beginner
radio,Beginner
rain,Beginner
read,Beginner
ready,Beginner
really,Beginner
red,Beginner
remember,Beginner
repeat,Beginner
report,Beginner
restaurant,Beginner
return,Beginner
rich,Beginner
ride,Beginner
right,Beginner
river,Beginner
road,Beginner
room,Beginner
routine,Beginner
run,Beginner
sad,Beginner
salt,Beginner
same,Beginner
Saturday,Beginner
say,Beginner
school,Beginner
science,Beginner
sea,Beginner
season,Beginner
second,Beginner
see,Beginner
sell,Beginner
send,Beginner
sentence,Beginner
September,Beginner
seven,Beginner
seventeen,Beginner
seventy,Beginner
shall,Beginner
she,Beginner
ship,Beginner
shirt,Beginner
shoe,Beginner
shop,Beginner
shopping,Beginner
short,Beginner
should,Beginner
show,Beginner
shower,Beginner
sick,Beginner
similar,Beginner
sing,Beginner
sister,Beginner
sit,Beginner
six,Beginner
sixteen,Beginner
sixty,Beginner
size,Beginner
ski,Beginner
sky,Beginner
sleep,Beginner
slow,Beginner
small,Beginner
snow,Beginner
so,Beginner
some,Beginner
somebody,Beginner
someone,Beginner
something,Beginner
sometimes,Beginner
son,Beginner
song,Beginner
soon,Beginner
sorry,Beginner
sound,Beginner
soup,Beginner
south,Beginner
space,Beginner
speak,Beginner
special,Beginner
spell,Beginner
spend,Beginner
sport,Beginner
spring,Beginner
stand,Beginner
star,Beginner
start,Beginner
station,Beginner
stay,Beginner
still,Beginner
stop,Beginner
story,Beginner
street,Beginner
strong,Beginner
student,Beginner
study,Beginner
subject,Beginner
successful,Beginner
such,Beginner
sugar,Beginner
summer,Beginner
sun,Beginner
Sunday,Beginner
sure,Beginner
sweater,Beginner
swim,Beginner
T-shirt,Beginner
table,Beginner
take,Beginner
talk,Beginner
tall,Beginner
taxi,Beginner
tea,Beginner
teach,Beginner
teacher,Beginner
team,Beginner
teenager,Beginner
telephone,Beginner
television,Beginner
tell,Beginner
ten,Beginner
tennis,Beginner
terrible,Beginner
test,Beginner
than,Beginner
thank,Beginner
that,Beginner
the,Beginner
their,Beginner
them,Beginner
then,Beginner
there,Beginner
therefore,Beginner
these,Beginner
they,Beginner
thing,Beginner
think,Beginner
third,Beginner
thirsty,Beginner
thirteen,Beginner
thirty,Beginner
this,Beginner
those,Beginner
though,Beginner
thousand,Beginner
three,Beginner
through,Beginner
Thursday,Beginner
ticket,Beginner
time,Beginner
tired,Beginner
to,Beginner
today,Beginner
together,Beginner
tomorrow,Beginner
tonight,Beginner
too,Beginner
tooth,Beginner
top,Beginner
tourist,Beginner
town,Beginner
traffic,Beginner
train,Beginner
travel,Beginner
tree,Beginner
trip,Beginner
trouble,Beginner
trousers,Beginner
true,Beginner
try,Beginner
Tuesday,Beginner
turn,Beginner
twelve,Beginner
twenty,Beginner
two,Beginner
umbrella,Beginner
uncle,Beginner
under,Beginner
understand,Beginner
university,Beginner
until,Beginner
up,Beginner
us,Beginner
use,Beginner
useful,Beginner
usually,Beginner
vegetable,Beginner
very,Beginner
video,Beginner
village,Beginner
visit,Beginner
visitor,Beginner
voice,Beginner
wait,Beginner
wake,Beginner
walk,Beginner
wall,Beginner
want,Beginner
warm,Beginner
watch,Beginner
water,Beginner
way,Beginner
we,Beginner
wear,Beginner
weather,Beginner
website,Beginner
Wednesday,Beginner
week,Beginner
weekend,Beginner
welcome,Beginner
well,Beginner
west,Beginner
what,Beginner
when,Beginner
where,Beginner
which,Beginner
white,Beginner
who,Beginner
why,Beginner
wife,Beginner
will,Beginner
win,Beginner
window,Beginner
wine,Beginner
winter,Beginner
with,Beginner
without,Beginner
woman,Beginner
wonderful,Beginner
word,Beginner
work,Beginner
worker,Beginner
world,Beginner
worry,Beginner
would,Beginner
write,Beginner
writer,Beginner
wrong,Beginner
yeah,Beginner
year,Beginner
yellow,Beginner
yes,Beginner
yesterday,Beginner
yet,Beginner
you,Beginner
young,Beginner
your,Beginner
abandon,Intermediate
ability,Intermediate
able,Intermediate
abroad,Intermediate
absolute,Intermediate
absolutely,Intermediate
absorb,Intermediate
abstract,Intermediate
abuse,Intermediate
academic,Intermediate
accent,Intermediate
accept,Intermediate
acceptable,Intermediate
access,Intermediate
accidentally,Intermediate
accommodate,Intermediate
accompany,Intermediate
accomplish,Intermediate
according to,Intermediate
account,Intermediate
accountant,Intermediate
accuracy,Intermediate
accurate,Intermediate
accurately,Intermediate
accuse,Intermediate
achieve,Intermediate
achievement,Intermediate
acknowledge,Intermediate
acquire,Intermediate
actual,Intermediate
ad,Intermediate
adapt,Intermediate
addition,Intermediate
additional,Intermediate
administration,Intermediate
admire,Intermediate
admit,Intermediate
adopt,Intermediate
advanced,Intermediate
affair,Intermediate
affect,Intermediate
aged,Intermediate
agency,Intermediate
agenda,Intermediate
agent,Intermediate
aggressive,Intermediate
aid,Intermediate
aim,Intermediate
aircraft,Intermediate
airline,Intermediate
alarm,Intermediate
album,Intermediate
alcohol,Intermediate
alcoholic,Intermediate
alive,Intermediate
alter,Intermediate
alternative,Intermediate
although,Intermediate
amazed,Intermediate
ambition,Intermediate
ambulance,Intermediate
among,Intermediate
amount,Intermediate
amusing,Intermediate
analysis,Intermediate
analyze,Intermediate
ancestor,Intermediate
ancient,Intermediate
and so on,Intermediate
anger,Intermediate
angle,Intermediate
ankle,Intermediate
anniversary,Intermediate
announce,Intermediate
announcement,Intermediate
annoy,Intermediate
annoyed,Intermediate
annoying,Intermediate
annual,Intermediate
anxious,Intermediate
anymore,Intermediate
anyway,Intermediate
anywhere,Intermediate
apart,Intermediate
armed,Intermediate
arms,Intermediate
army,Intermediate
arrange,Intermediate
arrangement,Intermediate
arrest,Intermediate
arrival,Intermediate
artificial,Intermediate
artistic,Intermediate
ashamed,Intermediate
aside,Intermediate
asleep,Intermediate
aspect,Intermediate
assess,Intermediate
assessment,Intermediate
assignment,Intermediate
assist,Intermediate
assistant,Intermediate
associate,Intermediate
associated,Intermediate
association,Intermediate
assume,Intermediate
assumption,Intermediate
assure,Intermediate
astonishing,Intermediate
at least,Intermediate
athlete,Intermediate
athletic,Intermediate
atmosphere,Intermediate
attach,Intermediate
attachment,Intermediate
attack,Intermediate
attempt,Intermediate
attend,Intermediate
attention,Intermediate
attitude,Intermediate
attorney,Intermediate
attract,Intermediate
attraction,Intermediate
attractive,Intermediate
audience,Intermediate
author,Intermediate
authority,Intermediate
available,Intermediate
average,Intermediate
avoid,Intermediate
award,Intermediate
aware,Intermediate
awful,Intermediate
background,Intermediate
backward,Intermediate
bacteria,Intermediate
badge,Intermediate
badly,Intermediate
bake,Intermediate
balance,Intermediate
balanced,Intermediate
ballet,Intermediate
balloon,Intermediate
ban,Intermediate
bare,Intermediate
barely,Intermediate
bargain,Intermediate
barrier,Intermediate
base,Intermediate
based,Intermediate
basic,Intermediate
basically,Intermediate
basis,Intermediate
basketball,Intermediate
bat,Intermediate
bath,Intermediate
battery,Intermediate
battle,Intermediate
bay,Intermediate
beach,Intermediate
bean,Intermediate
bear,Intermediate
beard,Intermediate
beat,Intermediate
beef,Intermediate
beer,Intermediate
beg,Intermediate
beginning,Intermediate
behave,Intermediate
behaviour,Intermediate
bell,Intermediate
belong,Intermediate
belt,Intermediate
bench,Intermediate
bend,Intermediate
beneficial,Intermediate
beside,Intermediate
besides,Intermediate
bet,Intermediate
beyond,Intermediate
bid,Intermediate
bike,Intermediate
bin,Intermediate
bind,Intermediate
biology,Intermediate
bit,Intermediate
bite,Intermediate
bitter,Intermediate
blame,Intermediate
blank,Intermediate
blanket,Intermediate
bleed,Intermediate
blind,Intermediate
block,Intermediate
blood,Intermediate
blow,Intermediate
board,Intermediate
boast,Intermediate
bold,Intermediate
bomb,Intermediate
bombing,Intermediate
bond,Intermediate
bone,Intermediate
booking,Intermediate
boost,Intermediate
bound,Intermediate
bowl,Intermediate
brain,Intermediate
branch,Intermediate
brand,Intermediate
brave,Intermediate
bread,Intermediate
breakdown,Intermediate
brick,Intermediate
bridge,Intermediate
brief,Intermediate
briefly,Intermediate
bright,Intermediate
brilliant,Intermediate
broadcaster,Intermediate
broadly,Intermediate
broken,Intermediate
brush,Intermediate
bubble,Intermediate
buck,Intermediate
budget,Intermediate
bug,Intermediate
bullet,Intermediate
bunch,Intermediate
burn,Intermediate
bury,Intermediate
bush,Intermediate
buyer,Intermediate
cabin,Intermediate
cabinet,Intermediate
cable,Intermediate
calculate,Intermediate
calculation,Intermediate
campaign,Intermediate
campus,Intermediate
canal,Intermediate
cancel,Intermediate
cancer,Intermediate
candidate,Intermediate
candle,Intermediate
cap,Intermediate
capability,Intermediate
capacity,Intermediate
capture,Intermediate
carbon,Intermediate
care,Intermediate
carefully,Intermediate
carpet,Intermediate
cartoon,Intermediate
case,Intermediate
cash,Intermediate
cast,Intermediate
castle,Intermediate
casual,Intermediate
catalogue,Intermediate
cause,Intermediate
ceiling,Intermediate
celebrate,Intermediate
celebration,Intermediate
celebrity,Intermediate
cell,Intermediate
ceremony,Intermediate
certain,Intermediate
certainly,Intermediate
certainty,Intermediate
certificate,Intermediate
chain,Intermediate
challenge,Intermediate
challenging,Intermediate
chamber,Intermediate
championship,Intermediate
channel,Intermediate
chapter,Intermediate
character,Intermediate
characteristic,Intermediate
charge,Intermediate
charity,Intermediate
charm,Intermediate
charming,Intermediate
chase,Intermediate
chat,Intermediate
cheek,Intermediate
cheer,Intermediate
chemical,Intermediate
chemistry,Intermediate
chest,Intermediate
chief,Intermediate
chip,Intermediate
choir,Intermediate
chop,Intermediate
circle,Intermediate
circuit,Intermediate
circumstance,Intermediate
cite,Intermediate
citizen,Intermediate
civil,Intermediate
civilization,Intermediate
claim,Intermediate
clarify,Intermediate
classic,Intermediate
classify,Intermediate
cleaning,Intermediate
clear,Intermediate
clearly,Intermediate
clerk,Intermediate
click,Intermediate
client,Intermediate
climate,Intermediate
clinic,Intermediate
clip,Intermediate
closed,Intermediate
closely,Intermediate
closet,Intermediate
cloth,Intermediate
cloud,Intermediate
clue,Intermediate
coach,Intermediate
coal,Intermediate
coast,Intermediate
code,Intermediate
coin,Intermediate
coincidence,Intermediate
cold,Intermediate
collapse,Intermediate
colleague,Intermediate
collect,Intermediate
collection,Intermediate
collector,Intermediate
colony,Intermediate
colourful,Intermediate
column,Intermediate
combination,Intermediate
combine,Intermediate
comic,Intermediate
command,Intermediate
commander,Intermediate
comment,Intermediate
commercial,Intermediate
commission,Intermediate
commit,Intermediate
commitment,Intermediate
committee,Intermediate
communicate,Intermediate
communication,Intermediate
community,Intermediate
comparison,Intermediate
comparative,Intermediate
compete,Intermediate
competition,Intermediate
competitive,Intermediate
competitor,Intermediate
complain,Intermediate
complaint,Intermediate
complement,Intermediate
completely,Intermediate
complex,Intermediate
complicated,Intermediate
component,Intermediate
compose,Intermediate
composer,Intermediate
composition,Intermediate
compound,Intermediate
comprehensive,Intermediate
comprise,Intermediate
compulsory,Intermediate
compute,Intermediate
concentrate,Intermediate
concentration,Intermediate
concept,Intermediate
concern,Intermediate
concerned,Intermediate
concerning,Intermediate
conclude,Intermediate
conclusion,Intermediate
concrete,Intermediate
condition,Intermediate
conduct,Intermediate
conference,Intermediate
confidence,Intermediate
confident,Intermediate
confine,Intermediate
confirm,Intermediate
conflict,Intermediate
confuse,Intermediate
confusion,Intermediate
connect,Intermediate
connection,Intermediate
conscious,Intermediate
consequence,Intermediate
consequently,Intermediate
conservation,Intermediate
considerable,Intermediate
considerably,Intermediate
consideration,Intermediate
consist,Intermediate
consistently,Intermediate
constant,Intermediate
constantly,Intermediate
construct,Intermediate
construction,Intermediate
consult,Intermediate
consultant,Intermediate
consume,Intermediate
consumer,Intermediate
consumption,Intermediate
contact,Intermediate
contain,Intermediate
container,Intermediate
contemporary,Intermediate
content,Intermediate
contest,Intermediate
context,Intermediate
continent,Intermediate
continue,Intermediate
continuous,Intermediate
contract,Intermediate
contrast,Intermediate
contribute,Intermediate
contribution,Intermediate
control,Intermediate
controversial,Intermediate
controversy,Intermediate
convenience,Intermediate
convention,Intermediate
conventional,Intermediate
convert,Intermediate
convince,Intermediate
convincing,Intermediate
cope,Intermediate
copy,Intermediate
core,Intermediate
corner,Intermediate
corporate,Intermediate
corporation,Intermediate
correctly,Intermediate
corridor,Intermediate
council,Intermediate
count,Intermediate
counter,Intermediate
county,Intermediate
couple,Intermediate
court,Intermediate
cousin,Intermediate
cover,Intermediate
coverage,Intermediate
cow,Intermediate
crack,Intermediate
craft,Intermediate
crash,Intermediate
crazy,Intermediate
cream,Intermediate
create,Intermediate
creation,Intermediate
creative,Intermediate
creativity,Intermediate
creator,Intermediate
creature,Intermediate
credit,Intermediate
crew,Intermediate
crime,Intermediate
criminal,Intermediate
crisis,Intermediate
criterion,Intermediate
critic,Intermediate
critical,Intermediate
critically,Intermediate
criticism,Intermediate
criticize,Intermediate
crop,Intermediate
cross,Intermediate
crowd,Intermediate
crucial,Intermediate
cruel,Intermediate
cruise,Intermediate
cry,Intermediate
cue,Intermediate
cultural,Intermediate
culture,Intermediate
cure,Intermediate
curious,Intermediate
currency,Intermediate
current,Intermediate
currently,Intermediate
curriculum,Intermediate
curtain,Intermediate
curve,Intermediate
customer,Intermediate
cycle,Intermediate
dad,Intermediate
daily,Intermediate
dairy,Intermediate
damage,Intermediate
damp,Intermediate
dancer,Intermediate
dancing,Intermediate
danger,Intermediate
dangerous,Intermediate
dare,Intermediate
dark,Intermediate
darkness,Intermediate
data,Intermediate
database,Intermediate
date,Intermediate
daughter,Intermediate
dead,Intermediate
deadly,Intermediate
deal,Intermediate
dealer,Intermediate
dear,Intermediate
debate,Intermediate
debt,Intermediate
decade,Intermediate
decay,Intermediate
decent,Intermediate
decision,Intermediate
deck,Intermediate
declaration,Intermediate
decline,Intermediate
decorate,Intermediate
deep,Intermediate
deeply,Intermediate
defeat,Intermediate
defend,Intermediate
defender,Intermediate
defence,Intermediate
define,Intermediate
definite,Intermediate
definitely,Intermediate
definition,Intermediate
degree,Intermediate
delay,Intermediate
delete,Intermediate
deliberate,Intermediate
deliberately,Intermediate
delicate,Intermediate
delight,Intermediate
delighted,Intermediate
deliver,Intermediate
delivery,Intermediate
demand,Intermediate
democracy,Intermediate
democratic,Intermediate
demonstrate,Intermediate
demonstration,Intermediate
deny,Intermediate
department,Intermediate
depart,Intermediate
dependent,Intermediate
deposit,Intermediate
depression,Intermediate
depth,Intermediate
derive,Intermediate
description,Intermediate
desert,Intermediate
deserve,Intermediate
designer,Intermediate
desk,Intermediate
desperate,Intermediate
desperately,Intermediate
despite,Intermediate
destroy,Intermediate
destruction,Intermediate
detail,Intermediate
detailed,Intermediate
determination,Intermediate
determine,Intermediate
determined,Intermediate
develop,Intermediate
development,Intermediate
device,Intermediate
devote,Intermediate
dialogue,Intermediate
die,Intermediate
diet,Intermediate
differ,Intermediate
difference,Intermediate
disability,Intermediate
disabled,Intermediate
disadvantage,Intermediate
disagree,Intermediate
disagreement,Intermediate
disappear,Intermediate
disappoint,Intermediate
disappointed,Intermediate
disappointment,Intermediate
disaster,Intermediate
disc,Intermediate
discipline,Intermediate
discount,Intermediate
discover,Intermediate
discovery,Intermediate
disease,Intermediate
dishonest,Intermediate
disk,Intermediate
dislike,Intermediate
dismiss,Intermediate
display,Intermediate
distance,Intermediate
distant,Intermediate
distinct,Intermediate
distinguish,Intermediate
distribute,Intermediate
distribution,Intermediate
district,Intermediate
disturb,Intermediate
dive,Intermediate
diverse,Intermediate
diversity,Intermediate
divide,Intermediate
division,Intermediate
divorce,Intermediate
document,Intermediate
domestic,Intermediate
dominant,Intermediate
donate,Intermediate
donation,Intermediate
dot,Intermediate
double,Intermediate
doubt,Intermediate
downtown,Intermediate
dozen,Intermediate
draft,Intermediate
drag,Intermediate
drama,Intermediate
dramatic,Intermediate
dramatically,Intermediate
drawing,Intermediate
dream,Intermediate
drop,Intermediate
drought,Intermediate
drug,Intermediate
drum,Intermediate
drunk,Intermediate
dry,Intermediate
due,Intermediate
dull,Intermediate
dump,Intermediate
during,Intermediate
dust,Intermediate
duty,Intermediate
dynamic,Intermediate
eager,Intermediate
ear,Intermediate
early,Intermediate
earn,Intermediate
earth,Intermediate
ease,Intermediate
easily,Intermediate
east,Intermediate
eastern,Intermediate
economic,Intermediate
economics,Intermediate
economist,Intermediate
economy,Intermediate
edge,Intermediate
edit,Intermediate
edition,Intermediate
editor,Intermediate
editorial,Intermediate
educate,Intermediate
educated,Intermediate
education,Intermediate
effect,Intermediate
effective,Intermediate
effectively,Intermediate
efficient,Intermediate
efficiently,Intermediate
effort,Intermediate
e.g.,Intermediate
either,Intermediate
elbow,Intermediate
elder,Intermediate
elderly,Intermediate
elect,Intermediate
election,Intermediate
electric,Intermediate
electrical,Intermediate
electricity,Intermediate
electronic,Intermediate
electronics,Intermediate
elegant,Intermediate
element,Intermediate
elementary,Intermediate
eliminate,Intermediate
elsewhere,Intermediate
embrace,Intermediate
emerge,Intermediate
emergency,Intermediate
emission,Intermediate
emotion,Intermediate
emotional,Intermediate
emotionally,Intermediate
emphasis,Intermediate
emphasize,Intermediate
empire,Intermediate
employ,Intermediate
employee,Intermediate
employer,Intermediate
employment,Intermediate
empty,Intermediate
enable,Intermediate
encounter,Intermediate
encourage,Intermediate
encouragement,Intermediate
enemy,Intermediate
energy,Intermediate
engage,Intermediate
engaged,Intermediate
engine,Intermediate
engineer,Intermediate
engineering,Intermediate
enhance,Intermediate
enjoyable,Intermediate
enormous,Intermediate
enquiry,Intermediate
ensure,Intermediate
enter,Intermediate
entertain,Intermediate
entertaining,Intermediate
entertainment,Intermediate
enthusiasm,Intermediate
enthusiastic,Intermediate
entire,Intermediate
entirely,Intermediate
entitle,Intermediate
entrance,Intermediate
entry,Intermediate
envelope,Intermediate
environment,Intermediate
environmental,Intermediate
equal,Intermediate
equally,Intermediate
equip,Intermediate
equipment,Intermediate
equivalent,Intermediate
era,Intermediate
error,Intermediate
erupt,Intermediate
escape,Intermediate
especially,Intermediate
essential,Intermediate
essentially,Intermediate
establish,Intermediate
establishment,Intermediate
estate,Intermediate
estimate,Intermediate
etc.,Intermediate
ethic,Intermediate
ethnic,Intermediate
evaluation,Intermediate
even,Intermediate
eventually,Intermediate
evident,Intermediate
evil,Intermediate
exact,Intermediate
exactly,Intermediate
exaggerate,Intermediate
examination,Intermediate
examine,Intermediate
excellent,Intermediate
except,Intermediate
exception,Intermediate
exchange,Intermediate
excitement,Intermediate
exclude,Intermediate
excuse,Intermediate
executive,Intermediate
exercise,Intermediate
exhibit,Intermediate
exhibition,Intermediate
exist,Intermediate
existence,Intermediate
expand,Intermediate
expansion,Intermediate
expect,Intermediate
expectation,Intermediate
expected,Intermediate
expedition,Intermediate
expense,Intermediate
experience,Intermediate
experienced,Intermediate
experiment,Intermediate
expert,Intermediate
expertise,Intermediate
exploit,Intermediate
exploration,Intermediate
explore,Intermediate
explosion,Intermediate
export,Intermediate
expose,Intermediate
exposure,Intermediate
express,Intermediate
expression,Intermediate
extend,Intermediate
extension,Intermediate
extensive,Intermediate
extensively,Intermediate
extent,Intermediate
external,Intermediate
extra,Intermediate
extraordinary,Intermediate
extreme,Intermediate
extremely,Intermediate
facility,Intermediate
factor,Intermediate
factory,Intermediate
fade,Intermediate
fail,Intermediate
failed,Intermediate
failure,Intermediate
faint,Intermediate
fair,Intermediate
fairly,Intermediate
faith,Intermediate
fake,Intermediate
fall,Intermediate
false,Intermediate
fame,Intermediate
familiar,Intermediate
fan,Intermediate
fancy,Intermediate
fantasy,Intermediate
far,Intermediate
fare,Intermediate
fashion,Intermediate
fashionable,Intermediate
fat,Intermediate
fault,Intermediate
favour,Intermediate
favourite,Intermediate
fear,Intermediate
feast,Intermediate
feather,Intermediate
feature,Intermediate
federal,Intermediate
fee,Intermediate
feed,Intermediate
feedback,Intermediate
feel,Intermediate
fellow,Intermediate
female,Intermediate
fence,Intermediate
festival,Intermediate
fetch,Intermediate
fever,Intermediate
field,Intermediate
fierce,Intermediate
fifteen,Intermediate
fifth,Intermediate
fifty,Intermediate
figure,Intermediate
file,Intermediate
fill,Intermediate
final,Intermediate
finally,Intermediate
finance,Intermediate
financial,Intermediate
finding,Intermediate
fine,Intermediate
firm,Intermediate
firmly,Intermediate
fishing,Intermediate
fit,Intermediate
fix,Intermediate
fixed,Intermediate
flag,Intermediate
flame,Intermediate
flash,Intermediate
flat,Intermediate
flavour,Intermediate
flesh,Intermediate
flight,Intermediate
float,Intermediate
flood,Intermediate
flow,Intermediate
flower,Intermediate
focus,Intermediate
fold,Intermediate
folding,Intermediate
folk,Intermediate
fond,Intermediate
fool,Intermediate
force,Intermediate
foreign,Intermediate
forest,Intermediate
forever,Intermediate
forgive,Intermediate
fork,Intermediate
formal,Intermediate
formation,Intermediate
formerly,Intermediate
formula,Intermediate
fortunate,Intermediate
fortune,Intermediate
forty,Intermediate
forum,Intermediate
forward,Intermediate
fossil,Intermediate
found,Intermediate
foundation,Intermediate
founder,Intermediate
fraction,Intermediate
fragment,Intermediate
frame,Intermediate
framework,Intermediate
fraud,Intermediate
free,Intermediate
freedom,Intermediate
freely,Intermediate
freeze,Intermediate
frequent,Intermediate
frequently,Intermediate
fresh,Intermediate
fridge,Intermediate
friendly,Intermediate
friendship,Intermediate
frighten,Intermediate
frog,Intermediate
fuel,Intermediate
fulfil,Intermediate
full-time,Intermediate
fully,Intermediate
fun,Intermediate
function,Intermediate
fundamental,Intermediate
fundamentally,Intermediate
funding,Intermediate
funeral,Intermediate
funny,Intermediate
fur,Intermediate
furious,Intermediate
furniture,Intermediate
further,Intermediate
furthermore,Intermediate
gain,Intermediate
gallery,Intermediate
gallon,Intermediate
gambling,Intermediate
gaming,Intermediate
gap,Intermediate
garage,Intermediate
gas,Intermediate
gate,Intermediate
gather,Intermediate
gay,Intermediate
gear,Intermediate
gender,Intermediate
gene,Intermediate
general,Intermediate
generally,Intermediate
generate,Intermediate
generation,Intermediate
generous,Intermediate
generously,Intermediate
genetic,Intermediate
genius,Intermediate
gentle,Intermediate
gently,Intermediate
genuine,Intermediate
genuinely,Intermediate
geography,Intermediate
gesture,Intermediate
giant,Intermediate
gift,Intermediate
gig,Intermediate
glad,Intermediate
global,Intermediate
globalization,Intermediate
globe,Intermediate
glove,Intermediate
glue,Intermediate
go,Intermediate
goal,Intermediate
god,Intermediate
gold,Intermediate
golden,Intermediate
golf,Intermediate
good,Intermediate
goodness,Intermediate
goods,Intermediate
gorgeous,Intermediate
govern,Intermediate
government,Intermediate
governor,Intermediate
grab,Intermediate
grade,Intermediate
gradual,Intermediate
gradually,Intermediate
graduate,Intermediate
grain,Intermediate
grand,Intermediate
grant,Intermediate
grass,Intermediate
grateful,Intermediate
grave,Intermediate
greatly,Intermediate
greenhouse,Intermediate
grocery,Intermediate
ground,Intermediate
growth,Intermediate
guarantee,Intermediate
guard,Intermediate
guidance,Intermediate
guide,Intermediate
guideline,Intermediate
guilty,Intermediate
gun,Intermediate
guy,Intermediate
habit,Intermediate
habitat,Intermediate
hair,Intermediate
hall,Intermediate
hammer,Intermediate
hand,Intermediate
handle,Intermediate
hang,Intermediate
happen,Intermediate
happily,Intermediate
happiness,Intermediate
harbour,Intermediate
hardly,Intermediate
harm,Intermediate
harmful,Intermediate
harmless,Intermediate
hat,Intermediate
hate,Intermediate
hatred,Intermediate
have,Intermediate
headline,Intermediate
headquarters,Intermediate
heal,Intermediate
healthcare,Intermediate
health,Intermediate
hearing,Intermediate
heart,Intermediate
heat,Intermediate
heating,Intermediate
heaven,Intermediate
heavily,Intermediate
heavy,Intermediate
heel,Intermediate
height,Intermediate
hell,Intermediate
helmet,Intermediate
hence,Intermediate
herb,Intermediate
hero,Intermediate
herself,Intermediate
hesitate,Intermediate
hidden,Intermediate
hide,Intermediate
highly,Intermediate
highway,Intermediate
hilarious,Intermediate
hill,Intermediate
him,Intermediate
himself,Intermediate
hip,Intermediate
hire,Intermediate
historian,Intermediate
historic,Intermediate
historical,Intermediate
hit,Intermediate
hold,Intermediate
hole,Intermediate
holy,Intermediate
honest,Intermediate
honesty,Intermediate
honour,Intermediate
hook,Intermediate
hope,Intermediate
hopefully,Intermediate
horizontal,Intermediate
horn,Intermediate
horror,Intermediate
host,Intermediate
household,Intermediate
housing,Intermediate
huge,Intermediate
human,Intermediate
humorous,Intermediate
humour,Intermediate
hungry,Intermediate
hunt,Intermediate
hunting,Intermediate
hurricane,Intermediate
hurry,Intermediate
hurt,Intermediate
hypothesis,Intermediate
I,Intermediate
ice,Intermediate
icon,Intermediate
ID,Intermediate
ideal,Intermediate
identical,Intermediate
identification,Intermediate
identify,Intermediate
identity,Intermediate
i.e.,Intermediate
ignore,Intermediate
ill,Intermediate
illegal,Intermediate
illness,Intermediate
illustrate,Intermediate
illustration,Intermediate
image,Intermediate
imagination,Intermediate
imagine,Intermediate
immediate,Intermediate
immediately,Intermediate
immigrant,Intermediate
immigration,Intermediate
immune,Intermediate
impact,Intermediate
implement,Intermediate
implication,Intermediate
imply,Intermediate
import,Intermediate
importance,Intermediate
impossible,Intermediate
impression,Intermediate
impressive,Intermediate
improve,Intermediate
improvement,Intermediate
in,Intermediate
in addition,Intermediate
in advance,Intermediate
in case,Intermediate
in common,Intermediate
in comparison,Intermediate
in conclusion,Intermediate
in contrast,Intermediate
in detail,Intermediate
in exchange for,Intermediate
in favour of,Intermediate
in charge of,Intermediate
in fact,Intermediate
in front of,Intermediate
in general,Intermediate
in order to,Intermediate
in particular,Intermediate
in public,Intermediate
in relation to,Intermediate
in spite of,Intermediate
in terms of,Intermediate
in the end,Intermediate
in time,Intermediate
in touch,Intermediate
inability,Intermediate
inch,Intermediate
incident,Intermediate
income,Intermediate
increase,Intermediate
increasingly,Intermediate
incredible,Intermediate
incredibly,Intermediate
indeed,Intermediate
independence,Intermediate
independent,Intermediate
index,Intermediate
indicate,Intermediate
indication,Intermediate
indirect,Intermediate
individual,Intermediate
indoor,Intermediate
industrial,Intermediate
industry,Intermediate
inevitable,Intermediate
inevitably,Intermediate
infect,Intermediate
infection,Intermediate
influence,Intermediate
inform,Intermediate
informal,Intermediate
info,Intermediate
information,Intermediate
infrastructure,Intermediate
ingredient,Intermediate
initial,Intermediate
initially,Intermediate
initiative,Intermediate
injure,Intermediate
injured,Intermediate
injury,Intermediate
ink,Intermediate
inner,Intermediate
innocent,Intermediate
innovation,Intermediate
innovative,Intermediate
input,Intermediate
inquire,Intermediate
insect,Intermediate
insert,Intermediate
inside,Intermediate
insist,Intermediate
inspector,Intermediate
installation,Intermediate
instance,Intermediate
instant,Intermediate
instantly,Intermediate
instead,Intermediate
instead of,Intermediate
institute,Intermediate
institution,Intermediate
instruction,Intermediate
instructor,Intermediate
instrument,Intermediate
insurance,Intermediate
intelligence,Intermediate
intellectual,Intermediate
intend,Intermediate
intended,Intermediate
intense,Intermediate
intention,Intermediate
interact,Intermediate
interaction,Intermediate
interior,Intermediate
internal,Intermediate
international,Intermediate
internet,Intermediate
interpret,Intermediate
interpretation,Intermediate
interval,Intermediate
interview,Intermediate
into,Intermediate
introduce,Intermediate
introduction,Intermediate
invade,Intermediate
invasion,Intermediate
invent,Intermediate
invention,Intermediate
invest,Intermediate
investigate,Intermediate
investigation,Intermediate
investor,Intermediate
invitation,Intermediate
involve,Intermediate
involved,Intermediate
involvement,Intermediate
iron,Intermediate
island,Intermediate
isolate,Intermediate
isolated,Intermediate
issue,Intermediate
item,Intermediate
its,Intermediate
itself,Intermediate
jacket,Intermediate
jail,Intermediate
jealous,Intermediate
jeans,Intermediate
jet,Intermediate
jewel,Intermediate
jewellery,Intermediate
join,Intermediate
joint,Intermediate
joke,Intermediate
journalism,Intermediate
journalist,Intermediate
joy,Intermediate
judge,Intermediate
judgement,Intermediate
juice,Intermediate
jump,Intermediate
junior,Intermediate
jury,Intermediate
just,Intermediate
justice,Intermediate
justify,Intermediate
keen,Intermediate
keep,Intermediate
key,Intermediate
keyboard,Intermediate
kick,Intermediate
kid,Intermediate
kill,Intermediate
kind,Intermediate
king,Intermediate
kiss,Intermediate
kit,Intermediate
kitchen,Intermediate
knee,Intermediate
knife,Intermediate
knock,Intermediate
knot,Intermediate
lack,Intermediate
ladder,Intermediate
lady,Intermediate
lake,Intermediate
lamp,Intermediate
land,Intermediate
landscape,Intermediate
lane,Intermediate
lately,Intermediate
later,Intermediate
latter,Intermediate
laugh,Intermediate
launch,Intermediate
law,Intermediate
lawyer,Intermediate
lay,Intermediate
layer,Intermediate
lazy,Intermediate
lead,Intermediate
leader,Intermediate
leadership,Intermediate
leading,Intermediate
leaf,Intermediate
league,Intermediate
lean,Intermediate
least,Intermediate
leather,Intermediate
leave,Intermediate
lecture,Intermediate
leaflet,Intermediate
legal,Intermediate
legend,Intermediate
leisure,Intermediate
lemon,Intermediate
lend,Intermediate
length,Intermediate
less,Intermediate
lesson,Intermediate
let,Intermediate
level,Intermediate
liberal,Intermediate
liberty,Intermediate
library,Intermediate
license,Intermediate
lid,Intermediate
lie,Intermediate
lifetime,Intermediate
lift,Intermediate
lighting,Intermediate
likely,Intermediate
likewise,Intermediate
limit,Intermediate
limitation,Intermediate
limited,Intermediate
link,Intermediate
lip,Intermediate
liquid,Intermediate
literary,Intermediate
literature,Intermediate
litre,Intermediate
litter,Intermediate
living,Intermediate
load,Intermediate
loan,Intermediate
locally,Intermediate
locate,Intermediate
located,Intermediate
location,Intermediate
lock,Intermediate
logic,Intermediate
logical,Intermediate
logo,Intermediate
lonely,Intermediate
long-term,Intermediate
loose,Intermediate
lord,Intermediate
lorry,Intermediate
lose,Intermediate
loss,Intermediate
lost,Intermediate
loud,Intermediate
lovely,Intermediate
lover,Intermediate
lower,Intermediate
loyal,Intermediate
luck,Intermediate
lucky,Intermediate
luggage,Intermediate
lump,Intermediate
lung,Intermediate
luxury,Intermediate
lyric,Intermediate
mad,Intermediate
mail,Intermediate
mainly,Intermediate
maintain,Intermediate
major,Intermediate
majority,Intermediate
make-up,Intermediate
making,Intermediate
male,Intermediate
mall,Intermediate
manage,Intermediate
management,Intermediate
manager,Intermediate
manner,Intermediate
manufacture,Intermediate
manufacturing,Intermediate
map,Intermediate
marathon,Intermediate
march,Intermediate
margin,Intermediate
mark,Intermediate
marker,Intermediate
marketing,Intermediate
marriage,Intermediate
mass,Intermediate
massive,Intermediate
master,Intermediate
mate,Intermediate
material,Intermediate
mathematics,Intermediate
matter,Intermediate
maximum,Intermediate
may,Intermediate
mayor,Intermediate
meal,Intermediate
meaning,Intermediate
meanwhile,Intermediate
measure,Intermediate
measurement,Intermediate
meat,Intermediate
mechanic,Intermediate
mechanical,Intermediate
mechanism,Intermediate
media,Intermediate
medical,Intermediate
medication,Intermediate
medicine,Intermediate
medium,Intermediate
meet,Intermediate
melt,Intermediate
membership,Intermediate
memory,Intermediate
mental,Intermediate
mention,Intermediate
menu,Intermediate
mere,Intermediate
merely,Intermediate
mess,Intermediate
message,Intermediate
metal,Intermediate
method,Intermediate
middle,Intermediate
might,Intermediate
mild,Intermediate
military,Intermediate
million,Intermediate
mind,Intermediate
mine,Intermediate
miner,Intermediate
mineral,Intermediate
minimum,Intermediate
minister,Intermediate
ministry,Intermediate
minor,Intermediate
minority,Intermediate
mirror,Intermediate
miserable,Intermediate
miss,Intermediate
mission,Intermediate
mobile,Intermediate
mode,Intermediate
model,Intermediate
modern,Intermediate
modest,Intermediate
mom,Intermediate
moment,Intermediate
monster,Intermediate
monthly,Intermediate
monument,Intermediate
mood,Intermediate
moon,Intermediate
moral,Intermediate
moreover,Intermediate
mortgage,Intermediate
mosque,Intermediate
mostly,Intermediate
motion,Intermediate
motivate,Intermediate
motivation,Intermediate
motor,Intermediate
motorcycle,Intermediate
mount,Intermediate
mouse,Intermediate
move,Intermediate
movement,Intermediate
moving,Intermediate
mud,Intermediate
multiply,Intermediate
murder,Intermediate
muscle,Intermediate
museum,Intermediate
musical,Intermediate
musician,Intermediate
mystery,Intermediate
myth,Intermediate
nail,Intermediate
naked,Intermediate
narrow,Intermediate
nasty,Intermediate
nation,Intermediate
national,Intermediate
native,Intermediate
natural,Intermediate
naturally,Intermediate
nature,Intermediate
navy,Intermediate
near,Intermediate
nearby,Intermediate
nearly,Intermediate
neat,Intermediate
necessarily,Intermediate
necessary,Intermediate
neck,Intermediate
need,Intermediate
needle,Intermediate
negative,Intermediate
neighbour,Intermediate
neighbourhood,Intermediate
neither,Intermediate
nerve,Intermediate
nervous,Intermediate
net,Intermediate
network,Intermediate
never,Intermediate
nevertheless,Intermediate
newly,Intermediate
news,Intermediate
next to,Intermediate
nicely,Intermediate
niece,Intermediate
no one,Intermediate
nobody,Intermediate
noise,Intermediate
noisy,Intermediate
none,Intermediate
nor,Intermediate
normal,Intermediate
normally,Intermediate
northern,Intermediate
not only... but also,Intermediate
note,Intermediate
notice,Intermediate
novel,Intermediate
novelist,Intermediate
nowadays,Intermediate
nowhere,Intermediate
nuclear,Intermediate
nursing,Intermediate
nut,Intermediate
nutrition,Intermediate
obey,Intermediate
object,Intermediate
objective,Intermediate
observation,Intermediate
observe,Intermediate
observer,Intermediate
obtain,Intermediate
obvious,Intermediate
obviously,Intermediate
occasion,Intermediate
occasionally,Intermediate
occupation,Intermediate
occupy,Intermediate
occur,Intermediate
ocean,Intermediate
odd,Intermediate
of course,Intermediate
offend,Intermediate
offender,Intermediate
offence,Intermediate
offensive,Intermediate
offer,Intermediate
office,Intermediate
officer,Intermediate
official,Intermediate
oil,Intermediate
OK,Intermediate
old-fashioned,Intermediate
on board,Intermediate
on purpose,Intermediate
on time,Intermediate
once,Intermediate
oneself,Intermediate
onion,Intermediate
online,Intermediate
onto,Intermediate
opening,Intermediate
openly,Intermediate
opera,Intermediate
operate,Intermediate
operation,Intermediate
operator,Intermediate
opinion,Intermediate
opponent,Intermediate
opportunity,Intermediate
oppose,Intermediate
opposed,Intermediate
opposite,Intermediate
opposition,Intermediate
opt,Intermediate
option,Intermediate
orchestra,Intermediate
order,Intermediate
ordinary,Intermediate
organic,Intermediate
organization,Intermediate
organize,Intermediate
organized,Intermediate
origin,Intermediate
original,Intermediate
originally,Intermediate
other,Intermediate
otherwise,Intermediate
ought,Intermediate
our,Intermediate
ours,Intermediate
ourselves,Intermediate
out of,Intermediate
outdoor,Intermediate
outdoors,Intermediate
outfit,Intermediate
outline,Intermediate
output,Intermediate
outside,Intermediate
outstanding,Intermediate
oven,Intermediate
overall,Intermediate
overcome,Intermediate
owe,Intermediate
own,Intermediate
owner,Intermediate
ownership,Intermediate
oxygen,Intermediate
pace,Intermediate
pack,Intermediate
package,Intermediate
packet,Intermediate
pain,Intermediate
painful,Intermediate
paint,Intermediate
painter,Intermediate
painting,Intermediate
pair,Intermediate
palace,Intermediate
pale,Intermediate
palm,Intermediate
panel,Intermediate
panic,Intermediate
pants,Intermediate
parade,Intermediate
parallel,Intermediate
parcel,Intermediate
pardon,Intermediate
park,Intermediate
parking,Intermediate
parliament,Intermediate
part-time,Intermediate
participant,Intermediate
participate,Intermediate
participation,Intermediate
particular,Intermediate
particularly,Intermediate
partly,Intermediate
partnership,Intermediate
pass,Intermediate
passage,Intermediate
passenger,Intermediate
passionate,Intermediate
passport,Intermediate
password,Intermediate
path,Intermediate
patience,Intermediate
patient,Intermediate
pattern,Intermediate
pause,Intermediate
pay,Intermediate
payment,Intermediate
peace,Intermediate
peaceful,Intermediate
peak,Intermediate
peer,Intermediate
pen,Intermediate
penalty,Intermediate
pencil,Intermediate
pension,Intermediate
people,Intermediate
pepper,Intermediate
per,Intermediate
percent,Intermediate
percentage,Intermediate
perception,Intermediate
perfect,Intermediate
perfectly,Intermediate
perform,Intermediate
performance,Intermediate
period,Intermediate
permanent,Intermediate
permanently,Intermediate
permission,Intermediate
permit,Intermediate
personality,Intermediate
personally,Intermediate
perspective,Intermediate
persuade,Intermediate
pet,Intermediate
phase,Intermediate
phenomenon,Intermediate
philosophy,Intermediate
photograph,Intermediate
photographer,Intermediate
photography,Intermediate
phrase,Intermediate
physical,Intermediate
physically,Intermediate
physics,Intermediate
piano,Intermediate
pick,Intermediate
pie,Intermediate
piece,Intermediate
pig,Intermediate
pile,Intermediate
pill,Intermediate
pilot,Intermediate
pin,Intermediate
pink,Intermediate
pipe,Intermediate
pitch,Intermediate
pity,Intermediate
placement,Intermediate
plain,Intermediate
planet,Intermediate
planning,Intermediate
plant,Intermediate
plastic,Intermediate
plate,Intermediate
platform,Intermediate
pleasant,Intermediate
please,Intermediate
pleased,Intermediate
pleasure,Intermediate
plenty,Intermediate
plot,Intermediate
plus,Intermediate
p.m.,Intermediate
poem,Intermediate
poet,Intermediate
poetry,Intermediate
pole,Intermediate
police officer,Intermediate
policy,Intermediate
polite,Intermediate
political,Intermediate
politician,Intermediate
politics,Intermediate
pollution,Intermediate
pond,Intermediate
pool,Intermediate
pop,Intermediate
port,Intermediate
pose,Intermediate
position,Intermediate
positive,Intermediate
possess,Intermediate
possession,Intermediate
possibility,Intermediate
post,Intermediate
pot,Intermediate
pour,Intermediate
poverty,Intermediate
powder,Intermediate
power,Intermediate
powerful,Intermediate
practical,Intermediate
praise,Intermediate
pray,Intermediate
prayer,Intermediate
precede,Intermediate
precious,Intermediate
precise,Intermediate
precisely,Intermediate
predictable,Intermediate
predict,Intermediate
preference,Intermediate
pregnant,Intermediate
preparation,Intermediate
prepared,Intermediate
presence,Intermediate
presentation,Intermediate
preserve,Intermediate
president,Intermediate
press,Intermediate
pressure,Intermediate
pretend,Intermediate
prevent,Intermediate
previous,Intermediate
previously,Intermediate
price,Intermediate
pride,Intermediate
priest,Intermediate
primarily,Intermediate
primary,Intermediate
prime,Intermediate
prince,Intermediate
princess,Intermediate
principal,Intermediate
principle,Intermediate
print,Intermediate
prior,Intermediate
priority,Intermediate
prison,Intermediate
prisoner,Intermediate
privacy,Intermediate
private,Intermediate
prize,Intermediate
probability,Intermediate
probable,Intermediate
probably,Intermediate
proceed,Intermediate
process,Intermediate
produce,Intermediate
producer,Intermediate
production,Intermediate
profession,Intermediate
professional,Intermediate
professor,Intermediate
profile,Intermediate
profit,Intermediate
progress,Intermediate
progressive,Intermediate
prohibit,Intermediate
project,Intermediate
promise,Intermediate
promising,Intermediate
promote,Intermediate
promotion,Intermediate
prompt,Intermediate
proof,Intermediate
proper,Intermediate
properly,Intermediate
property,Intermediate
proportion,Intermediate
proposal,Intermediate
propose,Intermediate
proposed,Intermediate
prospect,Intermediate
protect,Intermediate
protection,Intermediate
protein,Intermediate
protest,Intermediate
protester,Intermediate
proud,Intermediate
proudly,Intermediate
prove,Intermediate
provide,Intermediate
provided,Intermediate
province,Intermediate
psychological,Intermediate
psychologist,Intermediate
psychology,Intermediate
pub,Intermediate
public,Intermediate
publication,Intermediate
publicity,Intermediate
publish,Intermediate
publishing,Intermediate
pull,Intermediate
punch,Intermediate
punish,Intermediate
punishment,Intermediate
punk,Intermediate
pupil,Intermediate
purchase,Intermediate
pure,Intermediate
purely,Intermediate
purpose,Intermediate
pursue,Intermediate
pursuit,Intermediate
push,Intermediate
put,Intermediate
puzzle,Intermediate
qualification,Intermediate
qualified,Intermediate
qualify,Intermediate
quality,Intermediate
quantity,Intermediate
quarter,Intermediate
queen,Intermediate
question,Intermediate
questionnaire,Intermediate
queue,Intermediate
quick,Intermediate
quietly,Intermediate
quit,Intermediate
quite,Intermediate
quote,Intermediate
race,Intermediate
racial,Intermediate
racing,Intermediate
racism,Intermediate
racist,Intermediate
radiation,Intermediate
rail,Intermediate
railway,Intermediate
raise,Intermediate
range,Intermediate
rank,Intermediate
rapid,Intermediate
rapidly,Intermediate
rare,Intermediate
rarely,Intermediate
rat,Intermediate
rate,Intermediate
rather,Intermediate
rating,Intermediate
ratio,Intermediate
raw,Intermediate
reach,Intermediate
react,Intermediate
reaction,Intermediate
reader,Intermediate
reading,Intermediate
reality,Intermediate
realize,Intermediate
reason,Intermediate
reasonable,Intermediate
reasonably,Intermediate
rebuild,Intermediate
recall,Intermediate
receipt,Intermediate
receive,Intermediate
recent,Intermediate
recently,Intermediate
receiver,Intermediate
reception,Intermediate
recession,Intermediate
reckon,Intermediate
recognition,Intermediate
recognize,Intermediate
recommend,Intermediate
recommendation,Intermediate
record,Intermediate
recording,Intermediate
recovery,Intermediate
recruit,Intermediate
recruitment,Intermediate
recycle,Intermediate
reduce,Intermediate
reduction,Intermediate
refer,Intermediate
reference,Intermediate
reflect,Intermediate
reform,Intermediate
refugee,Intermediate
refusal,Intermediate
refuse,Intermediate
regard,Intermediate
regarding,Intermediate
region,Intermediate
regional,Intermediate
register,Intermediate
registration,Intermediate
regret,Intermediate
regular,Intermediate
regularly,Intermediate
regulation,Intermediate
reinforce,Intermediate
reject,Intermediate
relate,Intermediate
related,Intermediate
relation,Intermediate
relationship,Intermediate
relative,Intermediate
relatively,Intermediate
relax,Intermediate
relaxed,Intermediate
relaxing,Intermediate
release,Intermediate
relevant,Intermediate
reliable,Intermediate
relief,Intermediate
relieve,Intermediate
relieved,Intermediate
religion,Intermediate
religious,Intermediate
rely,Intermediate
remain,Intermediate
remaining,Intermediate
remark,Intermediate
remarkable,Intermediate
remarkably,Intermediate
remote,Intermediate
remove,Intermediate
rent,Intermediate
repair,Intermediate
replace,Intermediate
replacement,Intermediate
reply,Intermediate
reporter,Intermediate
reporting,Intermediate
represent,Intermediate
representative,Intermediate
republic,Intermediate
reputation,Intermediate
request,Intermediate
require,Intermediate
requirement,Intermediate
rescue,Intermediate
research,Intermediate
researcher,Intermediate
reservation,Intermediate
reserve,Intermediate
resident,Intermediate
resign,Intermediate
resist,Intermediate
resistance,Intermediate
resolution,Intermediate
resolve,Intermediate
resort,Intermediate
resource,Intermediate
respect,Intermediate
respond,Intermediate
response,Intermediate
responsibility,Intermediate
responsible,Intermediate
rest,Intermediate
restore,Intermediate
restrict,Intermediate
restriction,Intermediate
result,Intermediate
retain,Intermediate
retire,Intermediate
retired,Intermediate
retirement,Intermediate
reveal,Intermediate
revenue,Intermediate
reverse,Intermediate
review,Intermediate
revision,Intermediate
revolution,Intermediate
reward,Intermediate
rhythm,Intermediate
rice,Intermediate
rich,Intermediate
rid,Intermediate
ridiculous,Intermediate
ring,Intermediate
rise,Intermediate
risk,Intermediate
risky,Intermediate
rival,Intermediate
rob,Intermediate
robbery,Intermediate
rock,Intermediate
rocket,Intermediate
role,Intermediate
roll,Intermediate
romance,Intermediate
romantic,Intermediate
roof,Intermediate
root,Intermediate
rope,Intermediate
rose,Intermediate
rough,Intermediate
roughly,Intermediate
round,Intermediate
route,Intermediate
royal,Intermediate
rub,Intermediate
rubber,Intermediate
rude,Intermediate
ruin,Intermediate
rule,Intermediate
ruling,Intermediate
rumour,Intermediate
run,Intermediate
runner,Intermediate
running,Intermediate
rural,Intermediate
rush,Intermediate
sad,Intermediate
sadly,Intermediate
safe,Intermediate
safety,Intermediate
sail,Intermediate
sailing,Intermediate
sailor,Intermediate
sake,Intermediate
salad,Intermediate
salary,Intermediate
sale,Intermediate
salt,Intermediate
salty,Intermediate
sample,Intermediate
sand,Intermediate
satisfaction,Intermediate
satisfied,Intermediate
satisfy,Intermediate
sauce,Intermediate
save,Intermediate
saving,Intermediate
scale,Intermediate
scandal,Intermediate
scare,Intermediate
scared,Intermediate
scary,Intermediate
scene,Intermediate
scenario,Intermediate
schedule,Intermediate
scheme,Intermediate
scholar,Intermediate
scholarship,Intermediate
science,Intermediate
scientific,Intermediate
scientist,Intermediate
score,Intermediate
scratch,Intermediate
scream,Intermediate
screen,Intermediate
screening,Intermediate
screw,Intermediate
sea,Intermediate
seal,Intermediate
search,Intermediate
secondary,Intermediate
secret,Intermediate
secretary,Intermediate
section,Intermediate
sector,Intermediate
secure,Intermediate
security,Intermediate
see,Intermediate
seed,Intermediate
seek,Intermediate
seeker,Intermediate
seem,Intermediate
select,Intermediate
selection,Intermediate
self,Intermediate
sell,Intermediate
senate,Intermediate
send,Intermediate
senior,Intermediate
sense,Intermediate
sensible,Intermediate
sensitive,Intermediate
separate,Intermediate
separated,Intermediate
series,Intermediate
serious,Intermediate
seriously,Intermediate
servant,Intermediate
serve,Intermediate
session,Intermediate
set,Intermediate
setting,Intermediate
settle,Intermediate
settler,Intermediate
several,Intermediate
severely,Intermediate
sex,Intermediate
sexual,Intermediate
sexy,Intermediate
shadow,Intermediate
shake,Intermediate
shall,Intermediate
shallow,Intermediate
shame,Intermediate
shape,Intermediate
shaped,Intermediate
share,Intermediate
sharp,Intermediate
sharply,Intermediate
she,Intermediate
sheet,Intermediate
shelf,Intermediate
shell,Intermediate
shelter,Intermediate
shift,Intermediate
shine,Intermediate
shiny,Intermediate
ship,Intermediate
shock,Intermediate
shocked,Intermediate
shocking,Intermediate
shoot,Intermediate
shooting,Intermediate
shore,Intermediate
short-term,Intermediate
shortage,Intermediate
shortly,Intermediate
shot,Intermediate
shoulder,Intermediate
shout,Intermediate
shut,Intermediate
shy,Intermediate
sick,Intermediate
side,Intermediate
sight,Intermediate
sign,Intermediate
signal,Intermediate
signature,Intermediate
significance,Intermediate
significant,Intermediate
significantly,Intermediate
silence,Intermediate
silent,Intermediate
silly,Intermediate
silver,Intermediate
similar,Intermediate
similarly,Intermediate
simple,Intermediate
simply,Intermediate
since,Intermediate
sincerely,Intermediate
sing,Intermediate
singer,Intermediate
singing,Intermediate
single,Intermediate
sink,Intermediate
sir,Intermediate
site,Intermediate
situation,Intermediate
size,Intermediate
ski,Intermediate
skiing,Intermediate
skill,Intermediate
skilled,Intermediate
skin,Intermediate
skirt,Intermediate
skull,Intermediate
slave,Intermediate
sleep,Intermediate
sleeve,Intermediate
slice,Intermediate
slide,Intermediate
slight,Intermediate
slightly,Intermediate
slip,Intermediate
slope,Intermediate
slow,Intermediate
slowly,Intermediate
slogan,Intermediate
smoke,Intermediate
smoking,Intermediate
smooth,Intermediate
snake,Intermediate
so-called,Intermediate
soccer,Intermediate
social,Intermediate
society,Intermediate
sock,Intermediate
soft,Intermediate
software,Intermediate
soil,Intermediate
solar,Intermediate
soldier,Intermediate
solid,Intermediate
solution,Intermediate
solve,Intermediate
somehow,Intermediate
sometime,Intermediate
sometimes,Intermediate
somewhat,Intermediate
somewhere,Intermediate
son,Intermediate
sophisticated,Intermediate
sore,Intermediate
sort,Intermediate
soul,Intermediate
soup,Intermediate
source,Intermediate
south,Intermediate
southern,Intermediate
space,Intermediate
spare,Intermediate
speak,Intermediate
speaker,Intermediate
special,Intermediate
specialist,Intermediate
specialize,Intermediate
species,Intermediate
specific,Intermediate
specifically,Intermediate
specify,Intermediate
spectacular,Intermediate
spectator,Intermediate
speech,Intermediate
speed,Intermediate
spell,Intermediate
spelling,Intermediate
spice,Intermediate
spicy,Intermediate
spider,Intermediate
spill,Intermediate
spin,Intermediate
spite,Intermediate
spirit,Intermediate
spiritual,Intermediate
split,Intermediate
spoil,Intermediate
spokesman,Intermediate
spokesperson,Intermediate
spokeswoman,Intermediate
sponsor,Intermediate
sponsorship,Intermediate
spoon,Intermediate
sporting,Intermediate
spot,Intermediate
spray,Intermediate
spread,Intermediate
spring,Intermediate
square,Intermediate
stable,Intermediate
stadium,Intermediate
staff,Intermediate
stage,Intermediate
stair,Intermediate
stall,Intermediate
stamp,Intermediate
stance,Intermediate
stand,Intermediate
standard,Intermediate
star,Intermediate
stare,Intermediate
start,Intermediate
state,Intermediate
statement,Intermediate
status,Intermediate
stay,Intermediate
steadily,Intermediate
steady,Intermediate
steak,Intermediate
steal,Intermediate
steam,Intermediate
steel,Intermediate
steep,Intermediate
steer,Intermediate
step,Intermediate
stick,Intermediate
sticky,Intermediate
stiff,Intermediate
still,Intermediate
sting,Intermediate
stir,Intermediate
stock,Intermediate
stomach,Intermediate
stone,Intermediate
storm,Intermediate
straight,Intermediate
strange,Intermediate
stranger,Intermediate
strategy,Intermediate
stream,Intermediate
strength,Intermediate
strengthen,Intermediate
stress,Intermediate
stretch,Intermediate
strict,Intermediate
strictly,Intermediate
strike,Intermediate
striking,Intermediate
string,Intermediate
strip,Intermediate
stroke,Intermediate
strong,Intermediate
structure,Intermediate
struggle,Intermediate
student,Intermediate
studio,Intermediate
stuff,Intermediate
stupid,Intermediate
style,Intermediate
subject,Intermediate
substance,Intermediate
substantial,Intermediate
substitute,Intermediate
succeed,Intermediate
success,Intermediate
successful,Intermediate
successfully,Intermediate
such,Intermediate
sudden,Intermediate
suddenly,Intermediate
sue,Intermediate
suffer,Intermediate
suffering,Intermediate
sufficient,Intermediate
sufficiently,Intermediate
sugar,Intermediate
suggest,Intermediate
suggestion,Intermediate
suit,Intermediate
suitable,Intermediate
sum,Intermediate
summarize,Intermediate
summary,Intermediate
summer,Intermediate
summit,Intermediate
sun,Intermediate
super,Intermediate
superior,Intermediate
supermarket,Intermediate
supply,Intermediate
support,Intermediate
supporter,Intermediate
suppose,Intermediate
sure,Intermediate
surely,Intermediate
surface,Intermediate
surgeon,Intermediate
surgery,Intermediate
surprise,Intermediate
surprised,Intermediate
surprising,Intermediate
surround,Intermediate
surrounding,Intermediate
survey,Intermediate
survival,Intermediate
survive,Intermediate
survivor,Intermediate
suspect,Intermediate
suspend,Intermediate
suspicion,Intermediate
sustainable,Intermediate
swallow,Intermediate
swear,Intermediate
sweater,Intermediate
sweep,Intermediate
sweet,Intermediate
swim,Intermediate
swimming,Intermediate
switch,Intermediate
symbol,Intermediate
sympathetic,Intermediate
sympathy,Intermediate
system,Intermediate
that's,Intermediate
the,Intermediate
theatre,Intermediate
theft,Intermediate
their,Intermediate
theirs,Intermediate
them,Intermediate
theme,Intermediate
themselves,Intermediate
then,Intermediate
theory,Intermediate
therapist,Intermediate
there,Intermediate
therefore,Intermediate
they,Intermediate
thick,Intermediate
thief,Intermediate
thin,Intermediate
thing,Intermediate
think,Intermediate
thinking,Intermediate
third,Intermediate
this,Intermediate
thorough,Intermediate
thoroughly,Intermediate
those,Intermediate
though,Intermediate
thought,Intermediate
thousand,Intermediate
threat,Intermediate
threaten,Intermediate
threatening,Intermediate
three,Intermediate
throat,Intermediate
through,Intermediate
throughout,Intermediate
throw,Intermediate
thumb,Intermediate
thus,Intermediate
ticket,Intermediate
tie,Intermediate
tight,Intermediate
till,Intermediate
time,Intermediate
timing,Intermediate
tiny,Intermediate
tip,Intermediate
tired,Intermediate
title,Intermediate
to,Intermediate
today,Intermediate
toe,Intermediate
together,Intermediate
toilet,Intermediate
tomato,Intermediate
tomorrow,Intermediate
ton,Intermediate
tone,Intermediate
tongue,Intermediate
tonight,Intermediate
tonne,Intermediate
too,Intermediate
tool,Intermediate
tooth,Intermediate
top,Intermediate
topic,Intermediate
total,Intermediate
totally,Intermediate
touch,Intermediate
tough,Intermediate
tour,Intermediate
tourism,Intermediate
tournament,Intermediate
toward,Intermediate
towards,Intermediate
towel,Intermediate
tower,Intermediate
toy,Intermediate
trace,Intermediate
track,Intermediate
trade,Intermediate
trading,Intermediate
tradition,Intermediate
traditional,Intermediate
traffic,Intermediate
tragedy,Intermediate
tragic,Intermediate
trail,Intermediate
train,Intermediate
trainer,Intermediate
training,Intermediate
transfer,Intermediate
transform,Intermediate
transition,Intermediate
translate,Intermediate
translation,Intermediate
transmit,Intermediate
transport,Intermediate
transportation,Intermediate
trap,Intermediate
travel,Intermediate
traveller,Intermediate
treasure,Intermediate
treat,Intermediate
treatment,Intermediate
treaty,Intermediate
trend,Intermediate
trial,Intermediate
tribe,Intermediate
trick,Intermediate
trillion,Intermediate
trip,Intermediate
troop,Intermediate
tropical,Intermediate
trouble,Intermediate
truck,Intermediate
truly,Intermediate
trust,Intermediate
truth,Intermediate
try,Intermediate
tsunami,Intermediate
tube,Intermediate
tunnel,Intermediate
turn,Intermediate
TV,Intermediate
twice,Intermediate
twin,Intermediate
twist,Intermediate
type,Intermediate
typical,Intermediate
typically,Intermediate
ugly,Intermediate
ultimate,Intermediate
ultimately,Intermediate
unacceptable,Intermediate
uncertain,Intermediate
uncertainty,Intermediate
uncle,Intermediate
uncomfortable,Intermediate
unconscious,Intermediate
under,Intermediate
undergo,Intermediate
underground,Intermediate
underneath,Intermediate
understand,Intermediate
understanding,Intermediate
undertake,Intermediate
underwater,Intermediate
underwear,Intermediate
unemployed,Intermediate
unemployment,Intermediate
unexpected,Intermediate
unfair,Intermediate
unfortunate,Intermediate
unfortunately,Intermediate
unhappy,Intermediate
uniform,Intermediate
union,Intermediate
unique,Intermediate
unit,Intermediate
unite,Intermediate
united,Intermediate
unity,Intermediate
universal,Intermediate
universe,Intermediate
unknown,Intermediate
unless,Intermediate
unlike,Intermediate
unlikely,Intermediate
unnecessary,Intermediate
unpleasant,Intermediate
until,Intermediate
unusual,Intermediate
up,Intermediate
upon,Intermediate
upper,Intermediate
upset,Intermediate
upstairs,Intermediate
upwards,Intermediate
urban,Intermediate
urge,Intermediate
urgent,Intermediate
usage,Intermediate
use,Intermediate
used,Intermediate
used to,Intermediate
useful,Intermediate
useless,Intermediate
user,Intermediate
usual,Intermediate
usually,Intermediate
vacation,Intermediate
valid,Intermediate
valley,Intermediate
valuable,Intermediate
value,Intermediate
van,Intermediate
variation,Intermediate
varied,Intermediate
variety,Intermediate
various,Intermediate
vary,Intermediate
vast,Intermediate
vegetable,Intermediate
vehicle,Intermediate
venture,Intermediate
version,Intermediate
vertical,Intermediate
very,Intermediate
via,Intermediate
victim,Intermediate
victory,Intermediate
viewer,Intermediate
view,Intermediate
viewpoint,Intermediate
village,Intermediate
violence,Intermediate
violent,Intermediate
virtually,Intermediate
virus,Intermediate
visa,Intermediate
visible,Intermediate
vision,Intermediate
visual,Intermediate
vital,Intermediate
vitamin,Intermediate
volume,Intermediate
voluntary,Intermediate
volunteer,Intermediate
vote,Intermediate
voting,Intermediate
wage,Intermediate
wait,Intermediate
wake,Intermediate
walk,Intermediate
wall,Intermediate
wander,Intermediate
want,Intermediate
war,Intermediate
warm,Intermediate
warming,Intermediate
warn,Intermediate
warning,Intermediate
wash,Intermediate
washing,Intermediate
waste,Intermediate
watch,Intermediate
wave,Intermediate
weak,Intermediate
weakness,Intermediate
wealth,Intermediate
wealthy,Intermediate
weapon,Intermediate
wear,Intermediate
web,Intermediate
wedding,Intermediate
week,Intermediate
weigh,Intermediate
weight,Intermediate
weird,Intermediate
welcome,Intermediate
welfare,Intermediate
well,Intermediate
well-known,Intermediate
west,Intermediate
western,Intermediate
wet,Intermediate
what,Intermediate
whatever,Intermediate
wheel,Intermediate
when,Intermediate
whenever,Intermediate
where,Intermediate
whereas,Intermediate
wherever,Intermediate
whether,Intermediate
which,Intermediate
while,Intermediate
whisper,Intermediate
whole,Intermediate
whom,Intermediate
whose,Intermediate
wide,Intermediate
widely,Intermediate
widespread,Intermediate
width,Intermediate
wild,Intermediate
wildlife,Intermediate
will,Intermediate
willing,Intermediate
willingness,Intermediate
win,Intermediate
wind,Intermediate
winner,Intermediate
winning,Intermediate
winter,Intermediate
wire,Intermediate
wise,Intermediate
wish,Intermediate
within,Intermediate
without,Intermediate
witness,Intermediate
woman,Intermediate
wonder,Intermediate
wooden,Intermediate
wool,Intermediate
word,Intermediate
work,Intermediate
workforce,Intermediate
working,Intermediate
workplace,Intermediate
workshop,Intermediate
worried,Intermediate
worry,Intermediate
worse,Intermediate
worship,Intermediate
worst,Intermediate
worth,Intermediate
worthwhile,Intermediate
worthy,Intermediate
would,Intermediate
wound,Intermediate
wow,Intermediate
wrap,Intermediate
wrist,Intermediate
write,Intermediate
writing,Intermediate
written,Intermediate
wrong,Intermediate
yard,Intermediate
yeah,Intermediate
yellow,Intermediate
yes,Intermediate
yesterday,Intermediate
yet,Intermediate
yield,Intermediate
you,Intermediate
young,Intermediate
youngster,Intermediate
your,Intermediate
yours,Intermediate
yourself,Intermediate
youth,Intermediate
zero,Intermediate
zone,Intermediate
abate,Advanced
abhor,Advanced
abject,Advanced
abridge,Advanced
abrogate,Advanced
abscond,Advanced
absence,Advanced
absent,Advanced
absolute,Advanced
absorb,Advanced
abstemious,Advanced
abstract,Advanced
abstruse,Advanced
absurd,Advanced
abundance,Advanced
abuse,Advanced
academy,Advanced
accede,Advanced
accelerate,Advanced
acceptance,Advanced
accessible,Advanced
acclaim,Advanced
accolade,Advanced
accomplishment,Advanced
accordance,Advanced
accordingly,Advanced
accountability,Advanced
accountable,Advanced
accumulate,Advanced
accumulation,Advanced
accusation,Advanced
accused,Advanced
acerbic,Advanced
acid,Advanced
acidulous,Advanced
acknowledge,Advanced
acme,Advanced
acquiesce,Advanced
acquire,Advanced
acquisition,Advanced
acre,Advanced
acrimonious,Advanced
activate,Advanced
activation,Advanced
active,Advanced
activist,Advanced
actor,Advanced
actual,Advanced
actuate,Advanced
acumen,Advanced
acute,Advanced
adamant,Advanced
adaptation,Advanced
addiction,Advanced
additionally,Advanced
adequate,Advanced
adequately,Advanced
adhere,Advanced
adjacent,Advanced
adjust,Advanced
adjustment,Advanced
administer,Advanced
administrative,Advanced
administrator,Advanced
admission,Advanced
adolescent,Advanced
adoption,Advanced
adorn,Advanced
adroit,Advanced
adulation,Advanced
adulterate,Advanced
advance,Advanced
advanced,Advanced
adverse,Advanced
advocate,Advanced
aesthetic,Advanced
affection,Advanced
affair,Advanced
aftermath,Advanced
agency,Advanced
agenda,Advanced
aggrieved,Advanced
aggression,Advanced
agile,Advanced
agnostic,Advanced
agricultural,Advanced
agriculture,Advanced
aide,Advanced
AIDS,Advanced
aisle,Advanced
alacrity,Advanced
albeit,Advanced
alert,Advanced
alias,Advanced
alien,Advanced
align,Advanced
alignment,Advanced
alike,Advanced
allegation,Advanced
allege,Advanced
allegedly,Advanced
alleviate,Advanced
alliance,Advanced
allocate,Advanced
allocation,Advanced
allowance,Advanced
ally,Advanced
alongside,Advanced
altogether,Advanced
aluminium,Advanced
amateur,Advanced
ambassador,Advanced
amend,Advanced
amendment,Advanced
amid,Advanced
analogy,Advanced
anchor,Advanced
angel,Advanced
animation,Advanced
annihilate,Advanced
annually,Advanced
anonymous,Advanced
anticipate,Advanced
antipathy,Advanced
antithesis,Advanced
anxiety,Advanced
apathy,Advanced
apology,Advanced
apparatus,Advanced
apparent,Advanced
apparently,Advanced
appeal,Advanced
appealing,Advanced
appetite,Advanced
applaud,Advanced
applicable,Advanced
applicant,Advanced
appoint,Advanced
appreciation,Advanced
approach,Advanced
appropriately,Advanced
approval,Advanced
approve,Advanced
approximately,Advanced
arbiter,Advanced
arbitrary,Advanced
arcane,Advanced
architectural,Advanced
archive,Advanced
arena,Advanced
argue,Advanced
arguably,Advanced
array,Advanced
arrow,Advanced
articulate,Advanced
artwork,Advanced
ash,Advanced
aside,Advanced
aspiration,Advanced
aspire,Advanced
assassination,Advanced
assault,Advanced
assemble,Advanced
assembly,Advanced
assert,Advanced
assertion,Advanced
asset,Advanced
assign,Advanced
assistance,Advanced
associate,Advanced
assurance,Advanced
asylum,Advanced
athletic,Advanced
atrocity,Advanced
attain,Advanced
attendance,Advanced
attorney,Advanced
attribute,Advanced
auction,Advanced
audio,Advanced
audit,Advanced
augment,Advanced
augur,Advanced
authentic,Advanced
authorize,Advanced
auto,Advanced
automatic,Advanced
automatically,Advanced
autonomy,Advanced
availability,Advanced
await,Advanced
awareness,Advanced
awkward,Advanced
backing,Advanced
backup,Advanced
bail,Advanced
baleful,Advanced
ballot,Advanced
banal,Advanced
banality,Advanced
baneful,Advanced
banner,Advanced
bare,Advanced
barrel,Advanced
bass,Advanced
bat,Advanced
battlefield,Advanced
beam,Advanced
beast,Advanced
behalf,Advanced
beloved,Advanced
bench,Advanced
benchmark,Advanced
beneath,Advanced
beneficial,Advanced
beneficiary,Advanced
bereave,Advanced
betray,Advanced
beverage,Advanced
bias,Advanced
bind,Advanced
biography,Advanced
bishop,Advanced
bizarre,Advanced
blade,Advanced
blast,Advanced
bless,Advanced
blessing,Advanced
boast,Advanced
bombastic,Advanced
bonus,Advanced
boom,Advanced
bounce,Advanced
bountiful,Advanced
bow,Advanced
breach,Advanced
breakthrough,Advanced
breed,Advanced
broadband,Advanced
brook,Advanced
browser,Advanced
brutal,Advanced
buddy,Advanced
buffer,Advanced
bulk,Advanced
burden,Advanced
bureaucracy,Advanced
burgeon,Advanced
burial,Advanced
burst,Advanced
buttress,Advanced
cacophony,Advanced
cajole,Advanced
calamity,Advanced
calibrate,Advanced
callow,Advanced
calumny,Advanced
canvas,Advanced
capacious,Advanced
capitulation,Advanced
capricious,Advanced
captivate,Advanced
cargo,Advanced
carnage,Advanced
carouse,Advanced
carp,Advanced
carriage,Advanced
carve,Advanced
casino,Advanced
castigate,Advanced
casualty,Advanced
catalyst,Advanced
cater,Advanced
catholic,Advanced
cattle,Advanced
caution,Advanced
cautious,Advanced
cease,Advanced
cemetery,Advanced
censure,Advanced
chaos,Advanced
characterize,Advanced
charter,Advanced
chary,Advanced
chicanery,Advanced
chronic,Advanced
chunk,Advanced
circulate,Advanced
circulation,Advanced
citizenship,Advanced
civic,Advanced
civilian,Advanced
clarity,Advanced
clash,Advanced
classification,Advanced
cling,Advanced
clinical,Advanced
closure,Advanced
cloy,Advanced
cluster,Advanced
coalition,Advanced
coastal,Advanced
cocktail,Advanced
coda,Advanced
cogent,Advanced
cognitive,Advanced
cognizant,Advanced
cohere,Advanced
coincide,Advanced
collaborate,Advanced
collaboration,Advanced
collective,Advanced
collector,Advanced
collision,Advanced
colloquy,Advanced
colonial,Advanced
columnist,Advanced
combat,Advanced
commence,Advanced
commentary,Advanced
commentator,Advanced
commerce,Advanced
commissioner,Advanced
commit,Advanced
commodity,Advanced
communist,Advanced
companion,Advanced
comparable,Advanced
compassion,Advanced
compel,Advanced
compelling,Advanced
compensate,Advanced
compensation,Advanced
competence,Advanced
competent,Advanced
compile,Advanced
complaisant,Advanced
complement,Advanced
complexity,Advanced
compliance,Advanced
complication,Advanced
comply,Advanced
composition,Advanced
compromise,Advanced
compute,Advanced
conceal,Advanced
concede,Advanced
conceive,Advanced
conception,Advanced
concession,Advanced
conciliatory,Advanced
concordat,Advanced
condemn,Advanced
confer,Advanced
confession,Advanced
configuration,Advanced
confine,Advanced
confirmation,Advanced
confront,Advanced
confrontation,Advanced
congratulate,Advanced
congregation,Advanced
congressional,Advanced
conquer,Advanced
conscience,Advanced
consciousness,Advanced
consecutive,Advanced
consensus,Advanced
consent,Advanced
conserve,Advanced
consistency,Advanced
consolidate,Advanced
conspiracy,Advanced
constituent,Advanced
constitute,Advanced
constitution,Advanced
constitutional,Advanced
constraint,Advanced
consultation,Advanced
contemplate,Advanced
contempt,Advanced
contend,Advanced
contender,Advanced
content,Advanced
contention,Advanced
contentious,Advanced
contingent,Advanced
continually,Advanced
contractor,Advanced
contradiction,Advanced
contrary,Advanced
contributor,Advanced
controversial,Advanced
controversy,Advanced
convention,Advanced
conversion,Advanced
convey,Advanced
convict,Advanced
conviction,Advanced
cooperate,Advanced
cooperative,Advanced
coordinate,Advanced
coordination,Advanced
coordinator,Advanced
cop,Advanced
copious,Advanced
copper,Advanced
copyright,Advanced
core,Advanced
correction,Advanced
correlate,Advanced
correlation,Advanced
correspond,Advanced
correspondence,Advanced
corrupt,Advanced
corruption,Advanced
cosmetic,Advanced
councillor,Advanced
counsel,Advanced
counsellor,Advanced
counterpart,Advanced
county,Advanced
coup,Advanced
courtesy,Advanced
covert,Advanced
craven,Advanced
creator,Advanced
credibility,Advanced
credible,Advanced
credulous,Advanced
creek,Advanced
critique,Advanced
crucial,Advanced
cult,Advanced
cultivate,Advanced
culpable,Advanced
cupidity,Advanced
curb,Advanced
curmudgeon,Advanced
curtail,Advanced
custody,Advanced
cutting,Advanced
cutting-edge,Advanced
cynical,Advanced
dally,Advanced
dam,Advanced
damage,Advanced
damaging,Advanced
damn,Advanced
dash,Advanced
daylight,Advanced
dearth,Advanced
debacle,Advanced
debase,Advanced
debonair,Advanced
debris,Advanced
debut,Advanced
decade,Advanced
decay,Advanced
decent,Advanced
declaration,Advanced
declivity,Advanced
decorum,Advanced
dedicate,Advanced
deem,Advanced
default,Advanced
defect,Advanced
deficit,Advanced
define,Advanced
definite,Advanced
deflect,Advanced
defy,Advanced
delegate,Advanced
deliberate,Advanced
delicate,Advanced
delusion,Advanced
demur,Advanced
denial,Advanced
denounce,Advanced
density,Advanced
depart,Advanced
depict,Advanced
deplete,Advanced
deployment,Advanced
deposition,Advanced
depraved,Advanced
deprive,Advanced
deputy,Advanced
derelict,Advanced
derision,Advanced
derivative,Advanced
derive,Advanced
descend,Advanced
descant,Advanced
designate,Advanced
desire,Advanced
despair,Advanced
desiccate,Advanced
despotic,Advanced
dessert,Advanced
destination,Advanced
destroy,Advanced
detective,Advanced
detention,Advanced
deteriorate,Advanced
detriment,Advanced
devastate,Advanced
devise,Advanced
devotion,Advanced
diagnosis,Advanced
diatribe,Advanced
dictate,Advanced
dictator,Advanced
didactic,Advanced
differentiate,Advanced
diffident,Advanced
diffuse,Advanced
dilate,Advanced
dilatory,Advanced
dilettante,Advanced
diminish,Advanced
diplomat,Advanced
diplomatic,Advanced
directory,Advanced
disabuse,Advanced
disability,Advanced
disband,Advanced
discard,Advanced
discharge,Advanced
disclose,Advanced
disclosure,Advanced
discourse,Advanced
discrete,Advanced
discretion,Advanced
discrimination,Advanced
disinterest,Advanced
dismember,Advanced
dismiss,Advanced
disparage,Advanced
disparate,Advanced
dispersion,Advanced
displace,Advanced
disposal,Advanced
dispose,Advanced
disputatious,Advanced
dispute,Advanced
disrupt,Advanced
dissemble,Advanced
dissipate,Advanced
dissipation,Advanced
dissolve,Advanced
dissonant,Advanced
distinction,Advanced
distinctive,Advanced
distort,Advanced
distress,Advanced
distribute,Advanced
distribution,Advanced
diurnal,Advanced
diverge,Advanced
diverse,Advanced
diversity,Advanced
divine,Advanced
doctrine,Advanced
documentation,Advanced
domain,Advanced
dominance,Advanced
dominate,Advanced
domination,Advanced
donor,Advanced
double,Advanced
doubt,Advanced
drift,Advanced
drill,Advanced
dual,Advanced
dubious,Advanced
dull,Advanced
dumb,Advanced
duo,Advanced
duplicity,Advanced
duration,Advanced
eager,Advanced
ease,Advanced
ecological,Advanced
economic,Advanced
edit,Advanced
eject,Advanced
elaborate,Advanced
elastic,Advanced
electoral,Advanced
elevate,Advanced
eligible,Advanced
elite,Advanced
embark,Advanced
embed,Advanced
emergence,Advanced
emission,Advanced
enact,Advanced
encompass,Advanced
encounter,Advanced
endorse,Advanced
enforcement,Advanced
engagement,Advanced
enhance,Advanced
enquiry,Advanced
ensure,Advanced
enthusiast,Advanced
entitle,Advanced
entity,Advanced
entrepreneur,Advanced
epidemic,Advanced
equality,Advanced
equation,Advanced
equip,Advanced
erect,Advanced
escalate,Advanced
essence,Advanced
establishment,Advanced
estate,Advanced
eternal,Advanced
ethic,Advanced
ethnic,Advanced
evacuate,Advanced
evoke,Advanced
evolutionary,Advanced
exaggerate,Advanced
excellence,Advanced
exceptional,Advanced
excess,Advanced
exclusion,Advanced
exclusive,Advanced
exclusively,Advanced
execute,Advanced
execution,Advanced
executive,Advanced
exegesis,Advanced
exert,Advanced
exhaustive,Advanced
exile,Advanced
exit,Advanced
exonerate,Advanced
exorbitant,Advanced
exotic,Advanced
expand,Advanced
expansion,Advanced
expatiate,Advanced
expediency,Advanced
expenditure,Advanced
experimental,Advanced
expire,Advanced
explication,Advanced
explicit,Advanced
explicitly,Advanced
exploit,Advanced
exploitation,Advanced
explosive,Advanced
exposure,Advanced
express,Advanced
extend,Advanced
extension,Advanced
extensive,Advanced
extensively,Advanced
exterior,Advanced
external,Advanced
extract,Advanced
extraordinary,Advanced
extreme,Advanced
extremist,Advanced
exuberant,Advanced
fabricate,Advanced
facetious,Advanced
facile,Advanced
facilitate,Advanced
facility,Advanced
faction,Advanced
faculty,Advanced
fade,Advanced
fairness,Advanced
fallacious,Advanced
fancied,Advanced
fanciful,Advanced
fancy,Advanced
fatal,Advanced
fatalism,Advanced
fate,Advanced
fatuous,Advanced
fault,Advanced
favourable,Advanced
fawn,Advanced
feat,Advanced
fecund,Advanced
federal,Advanced
feign,Advanced
feminist,Advanced
fervent,Advanced
fester,Advanced
fetid,Advanced
fibre,Advanced
fierce,Advanced
filibuster,Advanced
film-maker,Advanced
filter,Advanced
fine,Advanced
finesse,Advanced
firearm,Advanced
firefighter,Advanced
firework,Advanced
fixture,Advanced
flag,Advanced
flay,Advanced
flaw,Advanced
flawed,Advanced
flee,Advanced
fleet,Advanced
flesh,Advanced
flexibility,Advanced
florid,Advanced
flourish,Advanced
flout,Advanced
fluid,Advanced
fluster,Advanced
footage,Advanced
forbear,Advanced
forbearance,Advanced
forbid,Advanced
forecast,Advanced
foreigner,Advanced
forge,Advanced
formula,Advanced
formulate,Advanced
forth,Advanced
forthcoming,Advanced
fortuitous,Advanced
foster,Advanced
fragile,Advanced
franchise,Advanced
frankly,Advanced
frenetic,Advanced
froward,Advanced
frustrated,Advanced
frustrating,Advanced
frustration,Advanced
fulminate,Advanced
fulsome,Advanced
functional,Advanced
fundraising,Advanced
funeral,Advanced
furtive,Advanced
fusillade,Advanced
futile,Advanced
gainsay,Advanced
gallery,Advanced
galvanize,Advanced
gambling,Advanced
gathering,Advanced
gaunt,Advanced
gaze,Advanced
gear,Advanced
gender,Advanced
gene,Advanced
general,Advanced
generic,Advanced
generous,Advanced
genesis,Advanced
genetic,Advanced
genocide,Advanced
gentle,Advanced
genuinely,Advanced
germane,Advanced
gerrymander,Advanced
ghastly,Advanced
gig,Advanced
gingerly,Advanced
glance,Advanced
glib,Advanced
glimpse,Advanced
globalization,Advanced
glorious,Advanced
glory,Advanced
glutinous,Advanced
goad,Advanced
governance,Advanced
gossamer,Advanced
gourmand,Advanced
grace,Advanced
grandiloquent,Advanced
grant,Advanced
graphic,Advanced
graphics,Advanced
grasp,Advanced
gratuitous,Advanced
gravity,Advanced
gregarious,Advanced
grid,Advanced
grief,Advanced
grin,Advanced
grind,Advanced
grip,Advanced
gross,Advanced
grotesque,Advanced
guffaw,Advanced
guerrilla,Advanced
guidance,Advanced
guile,Advanced
guilt,Advanced
gut,Advanced
hail,Advanced
halfway,Advanced
halt,Advanced
handful,Advanced
handling,Advanced
handy,Advanced
haphazard,Advanced
hapless,Advanced
harangue,Advanced
harassment,Advanced
hardware,Advanced
harmony,Advanced
harping,Advanced
harsh,Advanced
harvest,Advanced
harrowing,Advanced
haste,Advanced
haughtiness,Advanced
haunt,Advanced
hazard,Advanced
head,Advanced
heighten,Advanced
hedonism,Advanced
hegemony,Advanced
heritage,Advanced
heretic,Advanced
hierarchy,Advanced
high-profile,Advanced
hint,Advanced
hiatus,Advanced
homeland,Advanced
hopeful,Advanced
horizon,Advanced
horn,Advanced
hostage,Advanced
hostile,Advanced
hostility,Advanced
humanitarian,Advanced
humanity,Advanced
humble,Advanced
hydrogen,Advanced
identification,Advanced
ideological,Advanced
ideology,Advanced
idiot,Advanced
ignorance,Advanced
imagery,Advanced
immense,Advanced
imminent,Advanced
implementation,Advanced
imprison,Advanced
imprisonment,Advanced
inability,Advanced
inadequate,Advanced
inappropriate,Advanced
incentive,Advanced
incidence,Advanced
inclined,Advanced
inclusion,Advanced
incorporate,Advanced
incorrect,Advanced
incur,Advanced
indeed,Advanced
indefinite,Advanced
independence,Advanced
indicator,Advanced
indictment,Advanced
indigenous,Advanced
induce,Advanced
indulge,Advanced
inequality,Advanced
infamous,Advanced
infant,Advanced
infect,Advanced
inflict,Advanced
influential,Advanced
inherent,Advanced
inhibit,Advanced
initiate,Advanced
inject,Advanced
injection,Advanced
injustice,Advanced
inmate,Advanced
innovation,Advanced
innovative,Advanced
input,Advanced
inquire,Advanced
insertion,Advanced
insider,Advanced
inspect,Advanced
inspection,Advanced
inspiration,Advanced
install,Advanced
instance,Advanced
instinct,Advanced
institutional,Advanced
instruct,Advanced
instrumental,Advanced
insufficient,Advanced
insult,Advanced
intact,Advanced
intake,Advanced
integral,Advanced
integrated,Advanced
integration,Advanced
integrity,Advanced
intellectual,Advanced
intensify,Advanced
intensity,Advanced
intensive,Advanced
intent,Advanced
interactive,Advanced
interface,Advanced
interfere,Advanced
interference,Advanced
interim,Advanced
interior,Advanced
intermediate,Advanced
intervene,Advanced
intervention,Advanced
intimate,Advanced
intriguing,Advanced
invade,Advanced
invalid,Advanced
invasion,Advanced
investigator,Advanced
investor,Advanced
invisible,Advanced
invoke,Advanced
involvement,Advanced
ironic,Advanced
ironically,Advanced
irony,Advanced
irrelevant,Advanced
isolation,Advanced
jeopardy,Advanced
judicial,Advanced
junction,Advanced
jurisdiction,Advanced
just,Advanced
justification,Advanced
kidnap,Advanced
kidney,Advanced
kingdom,Advanced
lad,Advanced
landlord,Advanced
landmark,Advanced
lap,Advanced
large-scale,Advanced
laser,Advanced
latter,Advanced
launch,Advanced
lawn,Advanced
lawsuit,Advanced
layout,Advanced
leak,Advanced
leap,Advanced
legacy,Advanced
legendary,Advanced
legislation,Advanced
legislative,Advanced
legislature,Advanced
legitimate,Advanced
lengthy,Advanced
lesbian,Advanced
lesser,Advanced
lethal,Advanced
level,Advanced
liable,Advanced
liberal,Advanced
liberation,Advanced
liberty,Advanced
license,Advanced
lifelong,Advanced
likelihood,Advanced
limb,Advanced
linear,Advanced
line-up,Advanced
linger,Advanced
listing,Advanced
literacy,Advanced
literally,Advanced
literary,Advanced
liver,Advanced
lobby,Advanced
log,Advanced
logic,Advanced
long-standing,Advanced
long-time,Advanced
loom,Advanced
loop,Advanced
loyalty,Advanced
machinery,Advanced
magical,Advanced
magistrate,Advanced
magnetic,Advanced
magnitude,Advanced
mainland,Advanced
mainstream,Advanced
maintenance,Advanced
mandate,Advanced
mandatory,Advanced
manifest,Advanced
manipulate,Advanced
manipulation,Advanced
manuscript,Advanced
march,Advanced
marginal,Advanced
marine,Advanced
marketplace,Advanced
martial,Advanced
mask,Advanced
massacre,Advanced
mathematical,Advanced
mature,Advanced
maximize,Advanced
meaningful,Advanced
meantime,Advanced
medieval,Advanced
meditation,Advanced
melody,Advanced
memo,Advanced
memoir,Advanced
memorial,Advanced
mentor,Advanced
merchant,Advanced
mercy,Advanced
mere,Advanced
merge,Advanced
merger,Advanced
merit,Advanced
methodology,Advanced
midst,Advanced
migration,Advanced
militant,Advanced
militia,Advanced
mill,Advanced
minimal,Advanced
minimize,Advanced
mining,Advanced
ministry,Advanced
minute,Advanced
miracle,Advanced
misery,Advanced
misleading,Advanced
missile,Advanced
mob,Advanced
mobility,Advanced
mobilize,Advanced
moderate,Advanced
modification,Advanced
momentum,Advanced
monetary,Advanced
monitor,Advanced
monk,Advanced
monopoly,Advanced
morality,Advanced
morose,Advanced
motive,Advanced
motorist,Advanced
municipal,Advanced
munificent,Advanced
mutual,Advanced
namely,Advanced
nationwide,Advanced
naval,Advanced
neglect,Advanced
negotiate,Advanced
negotiation,Advanced
neighbouring,Advanced
nest,Advanced
net,Advanced
neutral,Advanced
nevertheless,Advanced
newsletter,Advanced
niche,Advanced
noble,Advanced
nod,Advanced
nominate,Advanced
nomination,Advanced
nominee,Advanced
nonetheless,Advanced
non-profit,Advanced
nonsense,Advanced
norm,Advanced
notable,Advanced
notably,Advanced
notify,Advanced
notorious,Advanced
novel,Advanced
nursery,Advanced
objection,Advanced
obligation,Advanced
obscure,Advanced
obsess,Advanced
obsession,Advanced
obstacle,Advanced
ongoing,Advanced
only,Advanced
opt,Advanced
oral,Advanced
organ,Advanced
organism,Advanced
organizational,Advanced
orientation,Advanced
originate,Advanced
outbreak,Advanced
outcome,Advanced
outfit,Advanced
outing,Advanced
outlet,Advanced
outlook,Advanced
output,Advanced
outsider,Advanced
oversee,Advanced
overlook,Advanced
overturn,Advanced
overwhelm,Advanced
ownership,Advanced
pace,Advanced
palatable,Advanced
panel,Advanced
paradigm,Advanced
parameter,Advanced
parish,Advanced
parliament,Advanced
partial,Advanced
partially,Advanced
passing,Advanced
passion,Advanced
patent,Advanced
pathway,Advanced
patrol,Advanced
patron,Advanced
peak,Advanced
pedagogues,Advanced
peel,Advanced
pending,Advanced
penetrate,Advanced
penetration,Advanced
pension,Advanced
perceive,Advanced
peril,Advanced
persist,Advanced
persistence,Advanced
persistent,Advanced
personnel,Advanced
petition,Advanced
philosopher,Advanced
philosophical,Advanced
pioneer,Advanced
pipeline,Advanced
plague,Advanced
plantation,Advanced
plea,Advanced
pledge,Advanced
plunge,Advanced
pointer,Advanced
polar,Advanced
poll,Advanced
pompous,Advanced
portfolio,Advanced
portion,Advanced
portray,Advanced
posture,Advanced
preacher,Advanced
precedent,Advanced
predecessor,Advanced
predator,Advanced
prediction,Advanced
preliminary,Advanced
premise,Advanced
premium,Advanced
prescribe,Advanced
prescription,Advanced
preservation,Advanced
preside,Advanced
presidency,Advanced
presumably,Advanced
presumption,Advanced
presumptuous,Advanced
prevail,Advanced
prevalence,Advanced
prevention,Advanced
prey,Advanced
pricing,Advanced
prime,Advanced
principal,Advanced
prioritize,Advanced
priority,Advanced
probe,Advanced
procedural,Advanced
proceeding,Advanced
procession,Advanced
proclaim,Advanced
producer,Advanced
productivity,Advanced
proletariat,Advanced
proliferating,Advanced
prolific,Advanced
prolix,Advanced
prominent,Advanced
promoter,Advanced
propensity,Advanced
propinquity,Advanced
propitiate,Advanced
proportion,Advanced
prosecute,Advanced
prosecution,Advanced
prospect,Advanced
protocol,Advanced
province,Advanced
provincial,Advanced
provision,Advanced
provoke,Advanced
proximity,Advanced
psychologist,Advanced
pugnacious,Advanced
puissance,Advanced
pungent,Advanced
purge,Advanced
pursue,Advanced
pusillanimous,Advanced
putrefy,Advanced
quaff,Advanced
qualm,Advanced
quandary,Advanced
quantitative,Advanced
querulous,Advanced
query,Advanced
quest,Advanced
quiescence,Advanced
quixotic,Advanced
quorum,Advanced
quota,Advanced
quotidian,Advanced
radar,Advanced
radical,Advanced
rally,Advanced
ramification,Advanced
rancorous,Advanced
range,Advanced
ranking,Advanced
rapport,Advanced
rapprochement,Advanced
rarefy,Advanced
ratify,Advanced
rationale,Advanced
rational,Advanced
rebel,Advanced
rebellion,Advanced
rebuke,Advanced
recalcitrant,Advanced
recapitulate,Advanced
recant,Advanced
recipient,Advanced
reconcile,Advanced
reconciliation,Advanced
recondite,Advanced
reconstruction,Advanced
recreant,Advanced
redoubtable,Advanced
referendum,Advanced
reflection,Advanced
reflective,Advanced
refractory,Advanced
refuge,Advanced
refulgent,Advanced
refutation,Advanced
refute,Advanced
regime,Advanced
rehabilitate,Advanced
reign,Advanced
rejection,Advanced
relegate,Advanced
relevance,Advanced
reliability,Advanced
reluctance,Advanced
reluctant,Advanced
remainder,Advanced
remedy,Advanced
reminder,Advanced
reminiscence,Advanced
remonstrate,Advanced
removal,Advanced
remunerative,Advanced
renaissance,Advanced
render,Advanced
renege,Advanced
renew,Advanced
renowned,Advanced
rental,Advanced
renitent,Advanced
repertoire,Advanced
replete,Advanced
representation,Advanced
reprobate,Advanced
reprobation,Advanced
reproduce,Advanced
reproduction,Advanced
reprove,Advanced
repudiate,Advanced
repugnant,Advanced
rescind,Advanced
resemblance,Advanced
resemble,Advanced
reside,Advanced
residence,Advanced
residential,Advanced
residue,Advanced
resignation,Advanced
resolute,Advanced
respective,Advanced
respectively,Advanced
restoration,Advanced
restraint,Advanced
resume,Advanced
restive,Advanced
retain,Advanced
reticent,Advanced
retreat,Advanced
retrieve,Advanced
retrospective,Advanced
revelation,Advanced
revenge,Advanced
reverent,Advanced
reverse,Advanced
revival,Advanced
revive,Advanced
revolutionary,Advanced
rhetoric,Advanced
ribald,Advanced
rifle,Advanced
riot,Advanced
rip,Advanced
ritual,Advanced
rivet,Advanced
robust,Advanced
rock,Advanced
rod,Advanced
rotate,Advanced
rotation,Advanced
ruddy,Advanced
rusticate,Advanced
ruthless,Advanced
sack,Advanced
sacred,Advanced
sacrifice,Advanced
sagacious,Advanced
saint,Advanced
salacious,Advanced
salutary,Advanced
sanctuary,Advanced
sanction,Advanced
say,Advanced
scattered,Advanced
sceptical,Advanced
skepticism,Advanced
scope,Advanced
screw,Advanced
scrutiny,Advanced
secular,Advanced
seemingly,Advanced
segment,Advanced
seize,Advanced
seldom,Advanced
selective,Advanced
senator,Advanced
sensation,Advanced
sensitivity,Advanced
sentiment,Advanced
separation,Advanced
serial,Advanced
servitude,Advanced
settlement,Advanced
set-up,Advanced
sexuality,Advanced
shareholder,Advanced
shatter,Advanced
shed,Advanced
sheer,Advanced
shipping,Advanced
shoot,Advanced
shrink,Advanced
shrug,Advanced
sigh,Advanced
simulate,Advanced
simulation,Advanced
simultaneously,Advanced
sin,Advanced
situated,Advanced
sketch,Advanced
skip,Advanced
slam,Advanced
slap,Advanced
slash,Advanced
slavery,Advanced
slot,Advanced
smash,Advanced
snap,Advanced
soak,Advanced
soar,Advanced
socialist,Advanced
sole,Advanced
solely,Advanced
solicitor,Advanced
solidarity,Advanced
solo,Advanced
sound,Advanced
sovereignty,Advanced
spam,Advanced
span,Advanced
spare,Advanced
spark,Advanced
specialized,Advanced
specification,Advanced
specimen,Advanced
spectacle,Advanced
spectrum,Advanced
spell,Advanced
spellbind,Advanced
sphere,Advanced
spiel,Advanced
spin,Advanced
spine,Advanced
spotlight,Advanced
spouse,Advanced
spy,Advanced
squad,Advanced
squalid,Advanced
squeeze,Advanced
stab,Advanced
stability,Advanced
stabilize,Advanced
stake,Advanced
standing,Advanced
stark,Advanced
statistical,Advanced
steer,Advanced
stem,Advanced
stereotype,Advanced
stimulus,Advanced
stir,Advanced
storage,Advanced
straightforward,Advanced
strain,Advanced
strand,Advanced
strategic,Advanced
strive,Advanced
structural,Advanced
stumble,Advanced
stun,Advanced
submission,Advanced
subscriber,Advanced
subscription,Advanced
subsequent,Advanced
subsequently,Advanced
subsidy,Advanced
substantial,Advanced
substantially,Advanced
substantiate,Advanced
substitute,Advanced
substitution,Advanced
subtle,Advanced
suburban,Advanced
succession,Advanced
successive,Advanced
successor,Advanced
suck,Advanced
sue,Advanced
suicide,Advanced
suite,Advanced
superb,Advanced
superficial,Advanced
supervise,Advanced
supervision,Advanced
supervisor,Advanced
supplement,Advanced
supportive,Advanced
supposedly,Advanced
suppress,Advanced
supreme,Advanced
surge,Advanced
surgical,Advanced
surplus,Advanced
surrender,Advanced
surveillance,Advanced
suspension,Advanced
suspicion,Advanced
suspicious,Advanced
sustain,Advanced
swing,Advanced
sword,Advanced
symbiosis,Advanced
symbolic,Advanced
syndrome,Advanced
synthesis,Advanced
systematic,Advanced
tackle,Advanced
tactic,Advanced
tactical,Advanced
tandem,Advanced
taxpayer,Advanced
tempt,Advanced
tenant,Advanced
tendency,Advanced
tender,Advanced
tenuous,Advanced
tenure,Advanced
tepid,Advanced
terminal,Advanced
terminate,Advanced
terrain,Advanced
terrific,Advanced
territory,Advanced
terror,Advanced
terrorism,Advanced
testify,Advanced
testimony,Advanced
texture,Advanced
thankfully,Advanced
theatrical,Advanced
theology,Advanced
theoretical,Advanced
theory,Advanced
thereafter,Advanced
thereby,Advanced
thesis,Advanced
thoughtful,Advanced
thought-provoking,Advanced
thread,Advanced
threshold,Advanced
thrilled,Advanced
thrive,Advanced
tide,Advanced
tighten,Advanced
timber,Advanced
timely,Advanced
tobacco,Advanced
tolerance,Advanced
tolerate,Advanced
toll,Advanced
top,Advanced
torture,Advanced
toss,Advanced
total,Advanced
toxic,Advanced
trademark,Advanced
trailer,Advanced
transaction,Advanced
transcript,Advanced
transformation,Advanced
transit,Advanced
transmission,Advanced
transparency,Advanced
transparent,Advanced
trauma,Advanced
treaty,Advanced
tremendous,Advanced
tribal,Advanced
tribunal,Advanced
tribute,Advanced
trigger,Advanced
trio,Advanced
triumph,Advanced
trophy,Advanced
troubled,Advanced
trustee,Advanced
tuition,Advanced
turnout,Advanced
turnover,Advanced
tutelage,Advanced
twist,Advanced
ultimate,Advanced
underlying,Advanced
undermine,Advanced
undoubtedly,Advanced
unify,Advanced
unprecedented,Advanced
unveil,Advanced
upcoming,Advanced
upgrade,Advanced
uphold,Advanced
utility,Advanced
utilize,Advanced
utterly,Advanced
vacuum,Advanced
vague,Advanced
validity,Advanced
vanish,Advanced
variable,Advanced
vehement,Advanced
vein,Advanced
venture,Advanced
verbal,Advanced
verdict,Advanced
verify,Advanced
verse,Advanced
versus,Advanced
vessel,Advanced
veteran,Advanced
viable,Advanced
vibrant,Advanced
vice,Advanced
vicious,Advanced
villager,Advanced
vindictive,Advanced
violate,Advanced
violation,Advanced
virtue,Advanced
vocal,Advanced
voracious,Advanced
vow,Advanced
vulnerability,Advanced
vulnerable,Advanced
ward,Advanced
warehouse,Advanced
warfare,Advanced
warrant,Advanced
warrior,Advanced
weaken,Advanced
weave,Advanced
weed,Advanced
well,Advanced
well-being,Advanced
whatsoever,Advanced
whereby,Advanced
whilst,Advanced
whip,Advanced
wholly,Advanced
widen,Advanced
widow,Advanced
willingness,Advanced
wipe,Advanced
wit,Advanced
withdrawal,Advanced
workout,Advanced
worship,Advanced
worthwhile,Advanced
worthy,Advanced
yell,Advanced
yield,Advanced
